RENTALADDRESS	RENTALTYPE	RENTALEIRCODE	RENTALLAT	RENTALLNG	RENTALCOST	PAYMENTFREQUENCY	RENTALBEDROOMS	RENTALBATHROOMS	POSTALCODE
" Metropolitan Apartments, Kilmainham, Dublin 8"	Apartment		53.3419427	-6.3139548	1650	Monthly	1	1	Dublin 8
" 9 Watermill Grove, Oldbawn,   Dublin 24"	Studio		53.2788689	-6.3615204	700	Monthly	1	1	Dublin 24
" Estate Cottages, Shelbourne Road, Ballsbridge, Dublin 4, D04"	House		53.3303959	-6.2310965	2250	Monthly	2	1	Dublin 4
" parkview, Stepaside,   Dublin 18"	Apartment		53.2597904	-6.2230662	1500	Monthly	1	1	Dublin 18
" Apartment 118, Block 3, Parklands, Northwood, Santry,   Dublin 9"	Apartment		53.4068222	-6.2508156	1750	Monthly	2	2	Dublin 9
" 3 Baltrasna House, IFSC,   Dublin 1"	Studio		53.3494306	-6.2386257	1700	Monthly	1	2	Dublin 1
" APARTMENT 92, BLOCK C, SEVEN OAKS, Ballyfermot,   Dublin 10, D10V658"	Apartment	D10V658	53.3412376	-6.3279418	1200	Monthly	1	1	Dublin 10
" 3 Cloonlara Square, Dublin 15, Dublin"	Apartment		53.3733658	-6.3375763	1560	Monthly	1	1	Dublin 15
" 82 Marlborough Court Marlborough street Dublin 1 , Marlborough Street,   Dublin 1, D01TF44"	Apartment	D01TF44	53.3515035	-6.2581547	1550	Monthly	1	1	Dublin 1
" Mews 28, Palmerston Road, Rathmines Dublin 6., Rathmines,   Dublin 6"	Semi-Detached		53.3174944	-6.2593863	2500	Monthly	2	1	Dublin 6
" West End Gate D24, Tallaght,   Dublin 24"	Apartment		53.2854499	-6.3762619	1750	Monthly	2	2	Dublin 24
" 14  Richmond Hill, Rathmines, Dublin"	Apartment		53.3268533	-6.2629218	1500	Monthly	2	1	
" Shantalla Drive, Beaumont,   Dublin 9"	Semi-Detached		53.3862523	-6.2351363	2700	Monthly	4	1	Dublin 9
" St mochtas green, Clonsilla,   Dublin 15"	Semi-Detached		53.3806222	-6.3963827	2200	Monthly	3	3	Dublin 15
" Apartment 107 Neptune, Honeypark, Dun Laoghaire,   South County Dublin, A96C5C9"	Apartment	A96C5C9	53.2800386	-6.1437728	2178	Monthly	2	3	
" Apartment 2, 30 Philipsbourgh Avenue, Fairveiw, Fairview,   Dublin 3,  D03 NV91 "	Apartment	D03 NV91	53.3646482	-6.2396754	1650	Monthly	1	1	Dublin 3
" 66 Temple Gardens, Santry,   Dublin 9, D09FP79"	Apartment	D09FP79	53.4061696	-6.2472783	1700	Monthly	2	2	Dublin 9
" 59 Bolton Sq Domnick Street Dublin 1, Parnell Square,   Dublin 1"	Apartment		53.3524311	-6.2676835	1400	Monthly	1	1	Dublin 1
" 24 Grafton Street, Grafton Street,   Dublin 2, D02 K033"	Apartment	D02 K033	53.3417559	-6.2599405	1440	Monthly	2	1	Dublin 2
" Shandon Mill, Phibsborough, Dublin 7, Phibsboro,   Dublin 7"	Apartment		53.3653727	-6.2766576	1870	Monthly	2	1	Dublin 7
" Metropolitan Apartments, Kilmainham, Dublin 8"	Apartment		53.3419427	-6.3139548	1650	Monthly	1	1	Dublin 8
" 9 Watermill Grove, Oldbawn,   Dublin 24"	Studio		53.2788689	-6.3615204	700	Monthly	1	1	Dublin 24
" Estate Cottages, Shelbourne Road, Ballsbridge, Dublin 4, D04"	House		53.3303959	-6.2310965	2250	Monthly	2	1	Dublin 4
" parkview, Stepaside,   Dublin 18"	Apartment		53.2597904	-6.2230662	1500	Monthly	1	1	Dublin 18
" Apartment 118, Block 3, Parklands, Northwood, Santry,   Dublin 9"	Apartment		53.4068222	-6.2508156	1750	Monthly	2	2	Dublin 9
" 3 Baltrasna House, IFSC,   Dublin 1"	Studio		53.3494306	-6.2386257	1700	Monthly	1	2	Dublin 1
" APARTMENT 92, BLOCK C, SEVEN OAKS, Ballyfermot,   Dublin 10, D10V658"	Apartment	D10V658	53.3412376	-6.3279418	1200	Monthly	1	1	Dublin 10
" 3 Cloonlara Square, Dublin 15, Dublin"	Apartment		53.3733658	-6.3375763	1560	Monthly	1	1	Dublin 15
" 82 Marlborough Court Marlborough street Dublin 1 , Marlborough Street,   Dublin 1, D01TF44"	Apartment	D01TF44	53.3515035	-6.2581547	1550	Monthly	1	1	Dublin 1
" Mews 28, Palmerston Road, Rathmines Dublin 6., Rathmines,   Dublin 6"	Semi-Detached		53.3174944	-6.2593863	2500	Monthly	2	1	Dublin 6
" West End Gate D24, Tallaght,   Dublin 24"	Apartment		53.2854499	-6.3762619	1750	Monthly	2	2	Dublin 24
" 14  Richmond Hill, Rathmines, Dublin"	Apartment		53.3268533	-6.2629218	1500	Monthly	2	1	
" Shantalla Drive, Beaumont,   Dublin 9"	Semi-Detached		53.3862523	-6.2351363	2700	Monthly	4	1	Dublin 9
" St mochtas green, Clonsilla,   Dublin 15"	Semi-Detached		53.3806222	-6.3963827	2200	Monthly	3	3	Dublin 15
" Apartment 107 Neptune, Honeypark, Dun Laoghaire,   South County Dublin, A96C5C9"	Apartment	A96C5C9	53.2800386	-6.1437728	2178	Monthly	2	3	
" Apartment 2, 30 Philipsbourgh Avenue, Fairveiw, Fairview,   Dublin 3,  D03 NV91 "	Apartment	D03 NV91	53.3646482	-6.2396754	1650	Monthly	1	1	Dublin 3
" 66 Temple Gardens, Santry,   Dublin 9, D09FP79"	Apartment	D09FP79	53.4061696	-6.2472783	1700	Monthly	2	2	Dublin 9
" 59 Bolton Sq Domnick Street Dublin 1, Parnell Square,   Dublin 1"	Apartment		53.3524311	-6.2676835	1400	Monthly	1	1	Dublin 1
" 24 Grafton Street, Grafton Street,   Dublin 2, D02 K033"	Apartment	D02 K033	53.3417559	-6.2599405	1440	Monthly	2	1	Dublin 2
" Shandon Mill, Phibsborough, Dublin 7, Phibsboro,   Dublin 7"	Apartment		53.3653727	-6.2766576	1870	Monthly	2	1	Dublin 7
" 49 Herberton Drive , Crumlin,   Dublin 12"	Bungalow		53.3317334	-6.2959037	1500	Monthly	1	1	Dublin 12
" 98 Parkgate Place, Parkgate Street, Dublin 8, Islandbridge"	Apartment		53.3474734	-6.2945416	2000	Monthly	2	2	Dublin 8
" Guinness Cottages, Rialto, Dublin 8"	House		53.3372691	-6.2961841	2950	Monthly	2	1	Dublin 8
" The Locks, Charlotte Quay Dock, Grand Canal Dk,   Dublin 4"	Apartment		53.3422252	-6.2360342	3200	Monthly	3	2	Dublin 4
" 6 Tivoli Terrace, Dun Laoghaire, Dublin"	Apartment		53.2908454	-6.1415711	2595	Monthly	2	1	
" Dalkey Sandycove Residence , Dalkey, Dublin"	Detached		53.2779417	-6.1058581	14950	Monthly	5	5	
" 37 Bolton Street, North City Centre,   Dublin 1, D01X991"	Apartment	D01X991	53.3525127	-6.269035	900	Monthly	2	1	Dublin 1
" Lime Court, 78 Francis Street, Christchurch, South City Centre - D8,   Dublin South"	Apartment		53.3394254	-6.2738438	2300	Monthly	1	1	Dublin 8
" 39 Boroimhe Hawthorns, Swords,   North County Dublin"	Apartment		53.4468901	-6.236316	POA	Monthly	2	2	
" The Cottage , The Rath, Sandyhill, Rolestown, Co Dublin, Rolestown,   North County Dublin"	Semi-Detached		53.49358	-6.2983099	2650	Monthly	5	3	
" 12 Red Arches Close, , Baldoyle,   Dublin 13, D13 AT27"	Terraced House	D13 AT27	53.4018172	-6.1424894	1872	Monthly	2	2	Dublin 13
" Sorrento Road Dalkey, Dalkey,   South County Dublin"	Apartment		53.2738481	-6.0975547	1595	Monthly	1	1	
" 2 Hollywoodrath Avenue, Hollystown, Dublin 15"	Apartment		53.4242145	-6.377059	2400	Monthly	4	0	Dublin 15
" Hanover Riverside, Grand Canal Dk, Dublin 2"	Penthouse		53.3455577	-6.2378696	3250	Monthly	2	2	Dublin 2
" Hanover Riverside, Grand Canal Dk, Dublin 2"	Penthouse		53.3455577	-6.2378696	3250	Monthly	2	2	Dublin 2
" 3 Main Street, Clongriffin, Dublin 13"	Apartment		53.4022601	-6.1514775	1600	Monthly	2	2	Dublin 13
" 41 Castledawswon ave, Sion hill, Blackrock, Co. Dublin"	Apartment		53.3050561	-6.1884792	2800	Monthly	3	2	
" 19 Main Street, Clongriffin, Dublin 13"	Apartment		53.40234	-6.1525035	1700	Monthly	2	2	Dublin 13
" 100 Connaught Street, Phibsboro, Dublin 7"	House		53.3633207	-6.2782096	2281	Monthly	3	0	Dublin 7
" 55 Adamstown Way, Lucan, Dublin"	Apartment		53.3386862	-6.4629749	1612	Monthly	3	0	
" Thomas Street, South City Centre - D8, Dublin 8"	Apartment		53.3393522	-6.251457	1850	Monthly	1	1	Dublin 8
" Sundale Park, Tallaght, Dublin 24"	Semi-Detached		53.2837099	-6.4093584	2000	Monthly	3	2	Dublin 24
" The Atrium, Block B, Foley Street, Dublin 1, North City Centre, Dublin 1"	Apartment		53.3526878	-6.2501218	2200	Monthly	2	2	Dublin 1
" 17 The Schooner, Alverno, Castle Avenue, Clontarf, Dublin 3"	Apartment		53.3607357	-6.2102223	2000	Monthly	2	1	Dublin 3
" Leonards Court, Christchurch, Dublin 8"	Apartment		53.3425185	-6.271268	1300	Monthly	1	1	Dublin 8
" Blessington Street, North City Centre, Dublin 7"	Apartment		53.3566748	-6.2676094	1750	Monthly	2	1	Dublin 7
" 54 Belarmine Place, Stepaside, Dublin 18"	House		53.2578473	-6.2175655	2200	Monthly	3	2	Dublin 18
" Ashcroft, Raheny, Dublin 5"			53.3829137	-6.1757535	2050	Monthly	3	1	Dublin 5
" Carrigmore Crescent, Citywest, County Dublin"	Apartment		53.2833435	-6.4262328	1400	Monthly	1	1	
" 51 Elmwood Avenue, Ranelagh, Dublin 6, D06A8P3"	Apartment	D06A8P3	53.3913924	-6.4249115	4360	Monthly	5	3	Dublin 6
" 81 Batchelors Walk Apartments, North City Centre, Dublin 1"	Apartment		53.3512665	-6.2588081	2200	Monthly	2	1	Dublin 1
" 41 The Waterfront, Grand Canal Dk, Dublin 2"	Apartment		53.344003	-6.2341582	2400	Monthly	2	2	Dublin 2
" The Waterside, Charlotte Quay Dock, Grand Canal Dk, Dublin 4"	Apartment		53.3422252	-6.2360342	1570	Monthly	1	1	Dublin 4
" Grand Canal Wharf, South Dock Street, Grand Canal Dk, Dublin 4, D04YX05"	Apartment	D04YX05	53.3422883	-6.23157	2300	Monthly	2	2	Dublin 4
" Gallery Quay Block 3, Grand Canal Dk, Dublin 2"	Apartment		53.342814	-6.240179	2100	Monthly	1	1	Dublin 2
" Gallery Quay, Block 1, Grand Canal Dk, Dublin 2"	Apartment		53.342814	-6.240179	2200	Monthly	2	2	Dublin 2
" The Westmoreland, Grand Canal Dk, Dublin 4"	Apartment		53.3422621	-6.2361433	2100	Monthly	2	2	Dublin 4
" College Gate, Townsend Sreet, South City Centre, Dublin 2, D02K409"	Apartment	D02K409	53.3393522	-6.251457	1650	Monthly	1	1	Dublin 2
" Quayside Quarter @ Dublin Landings, North Wall Quay, North Wall, Dublin 1"	Apartment		53.3471988	-6.2326983	3500	Monthly	2	2	Dublin 1
" Malahide Marina, Malahide, County Dublin"	Apartment		53.4558792	-6.154167	2500	Monthly	2	2	
" Adelaide Square, South City Centre - D8, Dublin 8, D08YOA5"	Apartment		53.3399246	-6.2677826	2400	Monthly	2	2	Dublin 8
" Hybreasal House, South Circular Road, Dublin 8"	Apartment		53.3388279	-6.3051581	1550	Monthly	1	1	Dublin 8
" Flat 4, 6 Summer Street, North Circular Road, Dublin 1"	Apartment		53.3569805	-6.2527194	1350	Monthly	1	1	Dublin 1
" Clairville Lodge, Streamstown Lane, Malahide, Dublin"	Semi-Detached		53.4400152	-6.1805674	3750	Monthly	4	3	
" Time Place, Corrig Road, Sandyford, Dublin 18, D18 DY60"	Apartment	D18 DY60	53.2767187	-6.2148695	1670	Monthly	1	1	Dublin 18
"  Apt 2 35  Wexford street, Dublin 2, Dublin"	Apartment		53.3371284	-6.2658364	2490	Monthly	3	1	Dublin 2
" 42 Laragchon, Lucan, Dublin"	Semi-Detached		53.3632534	-6.4532423	2700	Monthly	5	3	
" Suite 6 Velindre Ballydowd, Lucan, Dublin, K78K7K2"	Studio	K78K7K2	53.3585918	-6.4169417	1050	Monthly	1	1	
" St. Mary's Road, East Wall, Dublin 3"	Terraced House		53.3522998	-6.2330889	2200	Monthly	3	2	Dublin 3
" Churchwell Drive, Belmayne, Dublin 13"	Apartment		53.4062772	-6.1753374	1950	Monthly	2	2	Dublin 13
" The Friary, Cecilia Street, Dublin 1, Dublin"	Apartment		53.3451703	-6.263514	2600	Monthly	3	2	Dublin 1
" 15 The Hedgerows, Foxrock, Dublin 18, Dublin"	Terraced House		53.2677708	-6.1851119	2300	Monthly	2	2	Dublin 18
" 72 The Casino, Malahide, Dublin"	Apartment		53.4511061	-6.1584993	2500	Monthly	2	2	
" South Dock Place, Ringsend, Dublin 4,  "	House		53.3408848	-6.2333859	2000	Monthly	2	1	Dublin 4
" 11 Huband Court, Ballsbridge, Dublin 4"	Apartment		53.3357212	-6.2423446	1900	Monthly	1	1	Dublin 4
" Beresford House, Custom House Square, IFSC, Dublin 1"	Apartment		53.3495243	-6.2436919	2600	Monthly	3	1	Dublin 1
" Convent Hall, Milltown, Dublin 6"	Apartment		53.3130469	-6.2482353	3750	Monthly	3	2	Dublin 6
"  Quayside Quarter, Docklands, Dublin 1"	Apartment		53.3471988	-6.2326983	5000	Monthly	3	3	Dublin 1
" Gallery Quay Block 4, Grand Canal Dk, Dublin 2"	Apartment		53.342814	-6.240179	1850	Monthly	1	1	Dublin 2
" The Northumberlands, Lower Mount Street, South City Centre, Dublin 2"	Apartment		53.3393522	-6.251457	1900	Monthly	2	1	Dublin 2
" The Holly, Rockfield, Dundrum, Dublin 16"	Apartment		53.2864258	-6.2350936	1900	Monthly	2	2	Dublin 16
" Dodderbank, Milltown, Dublin 6"	Apartment		53.3139246	-6.2406101	2200	Monthly	2	2	Dublin 6
" Quayside Quarter @ Dublin Landings, Dublin 1. D01XR83, Docklands, Dublin 1"	Apartment	D01XR83	53.3471988	-6.2326983	2325	Monthly	1	1	Dublin 1
" 45 Stewart Hall , North City Centre, Dublin 1"	Apartment		53.3501945	-6.2685654	1450	Monthly	1	1	Dublin 1
" Copebridge House, IFSC, Dublin 1"	Apartment		53.349777	-6.2381383	1915	Monthly	0	0	Dublin 1
" Blackwater House, Spencer Dock, Docklands, Dublin 1"	Apartment		53.3496051	-6.2389603	1850	Monthly	2	1	Dublin 1
" Aston Building, Aston Quay, South City Centre, Dublin 2"	Apartment		53.3463431	-6.2605782	1850	Monthly	1	1	Dublin 2
" Forbes Quay, Lazer Lane, Grand Canal Dk, Dublin 2"	Apartment		53.3448554	-6.2384905	2200	Monthly	0	2	Dublin 2
" 7 The Waterside, Charlotte Quay Dock, Grand Canal Dk, Dublin 4"	Apartment		53.3422252	-6.2360342	1450	Monthly	1	1	Dublin 4
" Quayside Quarter @ Dublin Landings, North Wall, Dublin 1"	Apartment		53.3471988	-6.2326983	2550	Monthly	2	2	Dublin 1
" Forbes Quay, Grand Canal Dk, Dublin 2"	Apartment		53.3448554	-6.2384905	3600	Monthly	3	2	Dublin 2
" Baltrasna House, Spencer Dock, IFSC, Dublin 1"	Apartment		53.3494306	-6.2386257	1600	Monthly	1	1	Dublin 1
" Percy Place, Ballsbridge, Dublin 4"	Apartment		53.3359532	-6.2424106	3250	Monthly	2	2	Dublin 4
" Longboat Quay North, Grand Canal Dk, Dublin 2"	Apartment		53.3451256	-6.2366184	2000	Monthly	2	2	Dublin 2
"  The Waterfront Hanover Quay, Grand Canal Dk, Dublin 2, D02XV77"	Apartment	D02XV77	53.3439743	-6.2346829	2400	Monthly	2	2	Dublin 2
" Quayside Quarter At Dublin Landings, North Wall, Dublin 1"	Apartment		53.3471988	-6.2326983	3575	Monthly	2	2	Dublin 1
" 28 The Anchorage, The Crescent, Robswall, Malahide, Dublin, K36VY88"	Apartment	K36VY88	53.4440552	-6.1326363	2800	Monthly	3	2	
" 14 Westbourne Road, Terenure, Dublin 6"	Apartment		53.3057922	-6.2808477	2340	Monthly	2	2	Dublin 6
" Handel House, Rathfarnham, Dublin 14"	Apartment		53.2932104	-6.2802125	2000	Monthly	2	2	Dublin 14
" Windsor Road, Dublin 6"	Semi-Detached		53.3174739	-6.2577104	6000	Monthly	4	0	Dublin 6
" Herbert Mews, Dublin 4"	Apartment		53.3328003	-6.223265	2300	Monthly	2	0	Dublin 4
" Berry House, Custom House Square, IFSC, Dublin 1"	Apartment		53.3496274	-6.2432118	1680	Monthly	1	1	Dublin 1
" 17 Berystede, Leeson Park, Ranelagh, Dublin 6"	Apartment		53.3274825	-6.2524735	1683	Monthly	1	1	Dublin 6
" Parkview, Stepaside, Dublin 18"	Apartment		53.2597904	-6.2230662	1500	Monthly	1	1	Dublin 18
" 5 Farmleigh Close, Farmleigh Woods, Castleknock, Dublin 15, Castleknock, Dublin 15"	House		53.3681458	-6.36128	2706	Monthly	5	3	Dublin 15
" 21 Ashfield Avenue, Ranelagh, Ranelagh, Dublin 6, Ranelagh, Dublin 6"	Terraced House		53.3232963	-6.2512933	2281	Monthly	3	1	Dublin 6
" Westown Lodge, Naul, County Dublin"	Bungalow		53.5781393	-6.3107292	2000	Monthly	3	1	
" 4 Herbert Cottages, Ballsbridge, Dublin 4"	House		53.3306848	-6.2296642	2250	Monthly	2	1	Dublin 4
" 6 Swan Hall, Tallaght, Dublin 24"	Apartment		53.2849263	-6.3713058	1408	Monthly	2	1	Dublin 24
" Blackhall Square, North Brunswick Street, Smithfield, Dublin 7, D07 KH67"	Apartment	D07 KH67	53.3508989	-6.2754248	1895	Monthly	2	1	Dublin 7
" The Richmond, Morning Star Avenue, Smithfield, Dublin 7"	Apartment		53.3512397	-6.2771272	1650	Monthly	2	1	Dublin 7
" Student Accommodation at 107 Dorset Street Upper, Dorset Street, Dublin 1"	Apartment		53.354994	-6.2663743	310	Weekly	1	1	Dublin 1
" Student Accommodation at Binary Hub, Bonham Street, Dublin 8, Dublin"	Apartment		53.3449227	-6.283205	270	Weekly	1	1	Dublin 8
" Student Accommodation at Beckett House, Gardiner St, Dublin 1, Dublin"	Apartment		53.3548925	-6.2557085	295	Weekly	1	1	Dublin 1
" Student Accommodation at The Loom, Cork St, The Liberties, Dublin 8, Dublin, D08 P772"	Apartment	D08 P772	53.3378856	-6.283306	270	Weekly	1	0	Dublin 8
" Capital Dock Residence, Grand Canal, Grand Canal Dock, Dublin 2, South Dublin City, Dublin 2, Dublin, D02P524"	Apartment	D02P524	53.3448058	-6.2315043	3150	Monthly	2	2	Dublin 2
" Capital Dock Residence, Grand Canal, Grand Canal Dock, Dublin 2, South Dublin City, Dublin 2, Dublin, D02P524"	Apartment	D02P524	53.3448058	-6.2315043	4185	Monthly	3	2	Dublin 2
" Capital Dock Residence, Grand Canal, Grand Canal Dock, Dublin 2, South Dublin City, Dublin 2, Dublin"	Apartment		53.3448058	-6.2315043	4000	Monthly	2	2	Dublin 2
" Capital Dock Residence, Grand Canal, Grand Canal Dock, Dublin 2, South Dublin City, Dublin 2, Dublin"	Apartment		53.3448058	-6.2315043	4200	Monthly	2	2	Dublin 2
" Clancy Quay, South Circular Road, Islandbridge, Dublin 8, Dublin 8, Dublin"	Apartment		53.3457557	-6.306395	1700	Monthly	1	1	Dublin 8
" Clancy Quay, South Circular Road, Islandbridge, Dublin 8, Dublin 8, Dublin"	Apartment		53.3457557	-6.306395	2150	Monthly	2	2	Dublin 8
" Clancy Quay, South Circular Road, Islandbridge, Dublin 8, Dublin 8, Dublin"	House		53.3457557	-6.306395	3500	Monthly	4	4	Dublin 8
" Clancy Quay, South Circular Road, Islandbridge, Dublin 8, Dublin 8, Dublin"	Apartment		53.3457557	-6.306395	1850	Monthly	1	1	Dublin 8
" Sandford Lodge, Ranelagh, Dublin 6, Dublin 6, Dublin"	Apartment		53.322111	-6.247911	1900	Monthly	1	1	Dublin 6
" Sandford Lodge, Ranelagh, Dublin 6, Dublin 6, Dublin, D06W224"	Apartment	D06W224	53.3199977	-6.2481162	2450	Monthly	2	2	Dublin 6
" The Alliance, The Gasworks, Barrow Street, Dublin 4, Dublin 4, Dublin"	Apartment		53.3387519	-6.233438	2700	Monthly	2	2	Dublin 4
" Alto Vetro, Grand Canal Square, Dublin 2, Dublin 2, Dublin"	Apartment		53.3422914	-6.2387424	2900	Monthly	2	2	Dublin 2
" Alto Vetro, Grand Canal Square, Dublin 2, Dublin 2, Dublin"	Apartment		53.3422914	-6.2387424	2850	Monthly	2	2	Dublin 2
" Vantage Phase 1, Central Park, Leopardstown, Dublin 18, Dublin 18, Dublin"	Apartment		53.2709297	-6.2032015	1900	Monthly	2	2	Dublin 18
" Vantage Phase 1, Central Park, Leopardstown, Dublin 18, Dublin 18, Dublin"	Apartment		53.2709297	-6.2032015	2650	Monthly	3	2	Dublin 18
" Vantage Phase 2, Central Park, Leopardstown, Dublin 18, Dublin 18, Dublin"	Apartment		53.2709297	-6.2032015	2000	Monthly	2	2	Dublin 18
" The Grange, Brewery Road, Stillorgan, Co. Dublin, Dublin South County, Dublin"	Apartment		53.2803992	-6.1928322	1950	Monthly	2	2	
" The Grange, Brewery Road, Stillorgan, Co. Dublin, Dublin South County, Dublin"	Apartment		53.2803992	-6.1928322	2600	Monthly	3	2	
" Liffey Trust by Kennedy Wilson, The Point Village, Dublin 1, Dublin 1, Dublin"	Apartment		53.349825	-6.2302493	2200	Monthly	2	1	Dublin 1
" Northbank Apartments, Castleforbes Road, Dublin 1, Dublin 1, Dublin"	Apartment		53.3498785	-6.2322449	2150	Monthly	2	1	Dublin 1
" Northbank Apartments, Castleforbes Road, Dublin 1, Dublin 1, Dublin"	Apartment		53.3498785	-6.2322449	1800	Monthly	1	1	Dublin 1
" Clancy Quay, South Circular Road, Dublin 8, Dublin"	Apartment		53.3457557	-6.306395	2100	Monthly	2	0	Dublin 8
" Sandford Lodge, Dublin 6, Dublin"	Apartment		53.3199977	-6.2481162	2550	Monthly	2	2	Dublin 6
" Vantage Phase 1, Central Park, Dublin 18, Dublin"	Apartment		53.2709297	-6.2032015	2050	Monthly	2	2	Dublin 18
" The Alliance, The Gasworks, Barrow Street, Dublin 4, Dublin"	Apartment		53.3387519	-6.233438	2700	Monthly	2	2	Dublin 4
" The Alliance, The Gasworks, Barrow Street, Dublin 4, Dublin 4, Dublin"	Apartment		53.3387519	-6.233438	2250	Monthly	2	2	Dublin 4
" The Alliance, The Gasworks, Barrow Street, Dublin 4, Dublin"	Apartment		53.3387519	-6.233438	2450	Monthly	2	2	Dublin 4
" The Grange, Brewery Road, Stillorgan, Dublin"	Apartment		53.2803992	-6.1928322	2900	Monthly	3	2	
" North Bank Apartments, Castleforbes Road, Dublin 1, Dublin"	Apartment		53.3498785	-6.2322449	2150	Monthly	2	1	Dublin 1
" Capital Dock Residence, Grand Canal, Grand Canal Dock, Dublin 2, South Dublin City, Dublin 2, Dublin"	Penthouse		53.3448058	-6.2315043	15000	Monthly	2	3	Dublin 2
" Capital Dock Residence, Grand Canal Dk, Dublin 2, D02P524"	Apartment	D02P524	53.3448058	-6.2315043	2650	Monthly	1	1	Dublin 2
" Lansdowne Park, Ballsbridge, Dublin 4"	Semi-Detached		53.3350125	-6.2357138	3720	Monthly	4	4	Dublin 4
" Hartley House, Suite 7, 44-46 Merrion Road, Ballsbridge, Dublin 4"	Apartment		53.3279985	-6.2264591	2250	Monthly	2	2	Dublin 4
" Derrylavin, 60 North Circular Road, Dublin 7, Dublin"	Studio		53.3538241	-6.2955287	1459	Monthly	1	1	Dublin 7
" Derrylavin, 60 North Circular Road, Dublin 7, Dublin"	Apartment		53.3538241	-6.2955287	1495	Monthly	1	1	Dublin 7
" St Patricks Court, Clanbrassil Street, Dublin 8, Dublin"	Apartment		53.3339444	-6.2750833	1750	Monthly	2	1	Dublin 8
" The Hibernian, The Gasworks, South Lotts Road, Dublin 4, Dublin"	Apartment		53.3390609	-6.2350703	2136	Monthly	1	1	Dublin 4
" Apt 3, 5 Waterloo Road, Ballsbridge, Dublin 4, D04V383"	Studio	D04V383	53.3319107	-6.244326	1500	Monthly	1	1	Dublin 4
" Apt 2, 5 Waterloo Road, Ballsbridge, Dublin 4, D04 P763"	Studio	D04 P763	53.3319107	-6.244326	1600	Monthly	1	1	Dublin 4
" The Malthouse, Marrowbone Lane , Dublin 8, Dublin, D08K0Y7"	Apartment	D08K0Y7	53.3384196	-6.2876401	1750	Monthly	2	1	Dublin 8
" Crosbies Yard, Ossory Road, Dublin 3, Dublin, D03YY59"	Apartment	D03YY59	53.3554423	-6.241152	2250	Monthly	2	2	Dublin 3
" Dunloe Hall, 27 Merrion Street Upper, Dublin 2, Dublin, D02CF82"	Apartment	D02CF82	53.3382524	-6.2536721	2250	Monthly	1	1	Dublin 2
" Grianan Fidh, Aikens Village, Sandyford, Dublin 18, D18TP22"	Apartment	D18TP22	53.2634435	-6.2194164	1950	Monthly	2	2	Dublin 18
" Phoenix Gate, 2 North Circular Road, Dublin 7, Dublin, D07KF85"	Studio	D07KF85	53.3521212	-6.2977538	1079	Monthly	1	1	Dublin 7
" Home Villas, Donnybrook, Dublin 4"	Terraced House		53.3242709	-6.2358945	2400	Monthly	2	1	Dublin 4
" The Millhouse, The Steelworks, Foley Street, Dublin 1, Dublin"	Apartment		53.3525048	-6.2509442	2500	Monthly	2	2	Dublin 1
" Asgard, Custom House Harbour Apartments, Dublin 1, Dublin"	Apartment		53.3505593	-6.2476178	1975	Monthly	2	0	Dublin 1
" Collinswood, Collins Avenue, Dublin  9, Whitehall, Dublin 9"	Apartment		53.3802778	-6.2369444	2500	Monthly	3	1	Dublin 9
"  Willsbrook Avenue, Lucan, County Dublin"	House		53.3551905	-6.4262471	2400	Monthly	4	1	
" The Court, Henrietta Place, North City Centre, Dublin 1"	Apartment		53.3515542	-6.2704206	1700	Monthly	2	1	Dublin 1
" Cherrywood Drive, Clondalkin, Dublin 22"	Apartment		53.3194637	-6.4113428	1000	Monthly	1	1	Dublin 22
" Thornfield Square, Clondalkin, Dublin 22"	Apartment		53.3243492	-6.393099	1600	Monthly	2	2	Dublin 22
" 19 The Oaks, Herbert Park Lane, Ballsbridge, Dublin 4"	Apartment		53.3278232	-6.2318985	1980	Monthly	1	1	Dublin 4
" Birchdale Road, Kinsealy, Swords, Co. Dublin, Swords, County Dublin"	Semi-Detached		53.4463493	-6.1949471	2000	Monthly	3	2	
" 23 South Strand, Skerries,   County Dublin"	House		53.580181	-6.1057513	2000	Monthly	3	1	
" Donnybrook Manor, Donnybrook, Dublin 4"	Terraced House		53.3212759	-6.2379693	1884	Monthly	2	1	Dublin 4
" Semple House, Custom House Square, IFSC, Dublin 1"	Apartment		53.349617	-6.243003	1750	Monthly	1	1	Dublin 1
" Cedar Place, Swords, County Dublin"	Apartment		53.4485871	-6.2441878	1580	Monthly	2	1	
" Richmond, North City Centre, Dublin 7"	Apartment		53.351072	-6.276476	1800	Monthly	2	1	Dublin 7
" Mount Ambrose, Toberburr, St Margarets, County Dublin"	House		53.4591319	-6.2953183	2500	Monthly	4	3	
" New Seskin Court, Tallaght, Dublin 24"	Apartment		53.2838738	-6.37714	1700	Monthly	2	1	Dublin 24
" Scarlett Row, Temple Bar, Dublin 2"	Apartment		53.3445378	-6.2692931	2300	Monthly	2	1	Dublin 2
" 7 The Glade, Hunter's Run, Clonee, Dublin 15, Clonee, Dublin 15"	House		53.4047739	-6.4221598	1618	Monthly	3	3	Dublin 15
" Linden, 31/33 Merrion Road, Ballsbridge, Dublin 4"	Apartment		53.3245869	-6.2233502	3300	Monthly	2	3	Dublin 4
" Anglesea Lodge, Ballsbridge, Dublin"	Apartment		53.3226062	-6.2309117	2200	Monthly	2	2	
" 7 Archers Wood, Clonee, Dublin 15"	Semi-Detached		53.4039587	-6.409834	2400	Monthly	4	3	Dublin 15
" Hybreasal House , South Circular Road, Dublin 8"	Apartment		53.3388279	-6.3051581	1785	Monthly	1	1	Dublin 8
" 29 Russell Downs, Tallaght, Dublin 24"	Semi-Detached		53.2825727	-6.4055017	2200	Monthly	3	3	Dublin 24
" Sanford Avenue, Saint Catherines, Dublin, Portobello, Dublin 8"	Terraced House		53.3339156	-6.2808621	2900	Monthly	3	2	Dublin 8
" 9 Stephens Lane, Dublin 2, Baggot Street"	Apartment		53.3372382	-6.2430063	1400	Monthly	1	1	Dublin 2
" Pellestown Manor, Ashtown, Dublin 15"	Apartment		53.3774166	-6.3231947	1600	Monthly	1	0	Dublin 15
" Block 12 Clarion Quay, IFSC, Dublin 1"	Apartment		53.3490556	-6.2447174	1814	Monthly	2	1	Dublin 1
" Wolfe Tone Lofts by havitat, Dublin, Dublin 1"	Apartment		53.3491504	-6.2676788	1900	Monthly	2	2	Dublin 1
" Bachelors Walk, Dublin 1, Dublin"	Apartment		53.3467902	-6.2631004	1350	Monthly	1	0	Dublin 1
" Kenilworth Manor , Harold's Cross, Dublin 6W"	House		53.3176282	-6.2809057	1850	Monthly	2	1	Dublin 6W
" Alen Hall, Tallaght, Dublin 24, D24FY83"	Apartment	D24FY83	53.2868718	-6.375345	1750	Monthly	2	2	Dublin 24
" Burnell Court, Northern Cross, Clarehall, Dublin 13"	Apartment		53.4047914	-6.1790387	1650	Monthly	2	0	Dublin 13
" Clifden Court, Ellis Quay, North City Centre, Dublin 7"	Apartment		53.34702	-6.282977	1750	Monthly	2	1	Dublin 7
" 10 Sandycove Avenue West, Sandycove, County Dublin"	Apartment		53.2874751	-6.1145677	2700	Monthly	2	1	
" College Gate, Dublin 2, Dublin"	Apartment		53.3725688	-6.3760705	1450	Monthly	1	0	Dublin 2
" Apartment 64, Saunders House, Dublin 1, Dublin"	Apartment		53.3493296	-6.2378874	2200	Monthly	2	0	Dublin 1
" Apt 3, 40 New Cabra Road, Phibsboro, Dublin 7"	Apartment		53.3610272	-6.2781749	1478	Monthly	1	1	Dublin 7
" 36 The Moorings, Fitzwilliam Quay, Ringsend, Dublin 4"	Apartment		53.340836	-6.2276214	1900	Monthly	2	2	Dublin 4
" 22 Stamer Street, Portobello, Dublin 8"	Studio		53.3313077	-6.2678811	900	Monthly	1	1	Dublin 8
" 14 Summerville , Rathmines, Dublin 6"	Terraced House		53.3610515	-6.1989578	3240	Monthly	4	2	Dublin 6
" 30 Ballintyre Grove, Ballinteer, Dublin 16"	Apartment		53.2740229	-6.2568411	1950	Monthly	2	2	Dublin 16
" Trimleston, Hamlet Lane, Balbriggan, Dublin"	Apartment		53.6138935	-6.2060982	1650	Monthly	2	1	
" Viking Harbour Apartments, Usher's Island, Dublin 8, Dublin"	Apartment		53.3461082	-6.2834093	1350	Monthly	1	1	Dublin 8
" 87 Custom Hall, Gardiner Street Lower, Dublin 1, Dublin"	Apartment		53.3516735	-6.2550637	1890	Monthly	2	1	Dublin 1
" Beech House, Carrickmines Green, Glenamuck Road, Carrickmines, Dublin 18"	Apartment		53.2500367	-6.1786733	1450	Monthly	1	0	Dublin 18
" Apartment 403 Longboat Quay North, Grand Canal Dk, Dublin 2"	Apartment		53.3451256	-6.2366184	2200	Monthly	2	2	Dublin 2
" 3 Castleway, Golden Lane, South City Centre - D8, Dublin 8"	Apartment		53.3406096	-6.2689102	1950	Monthly	2	2	Dublin 8
" Apartment 85 Longmeadow Apartments, Conyngham Road, Islandbridge, Dublin 8, D08EH61"	Apartment	D08EH61	53.3479385	-6.3034072	1750	Monthly	2	2	Dublin 8
" Carman's Hall, The Liberties, Dublin 8, Dublin"	Apartment		53.3410237	-6.2751667	259	Weekly	4	4	Dublin 8
" Fitzwilliam Place, South City Centre, Dublin 2"	Terraced House		53.3393522	-6.251457	2600	Weekly	2	2	Dublin 2
" Cabra Road, Cabra, Dublin 7"	Apartment		53.3610272	-6.2781749	1250	Monthly	1	1	Dublin 7
" Oakwood, The Glen, Raheny, Dublin 5"	Apartment		53.3761029	-6.1671603	1350	Monthly	1	1	Dublin 5
" Hazelwood Crescent, Clondalkin, Dublin 22"	House		53.3118636	-6.4037469	1466	Monthly	3	2	Dublin 22
" Lansdowne Valley Crescent, Drimnagh, Dublin 12"	Terraced House		53.3340099	-6.325002	2300	Monthly	3	1	Dublin 12
" Moynihan Court, Tallaght, Dublin 24,  "	Apartment		53.2880391	-6.3508982	1650	Monthly	2	1	Dublin 24
" Florence Street , Portobello, Dublin 8"	Apartment		53.3311458	-6.2691543	1850	Monthly	2	1	Dublin 8
" Apartment The Pines, Herbert Park Lane, Dublin 4, Ballsbridge, Dublin 4"	Apartment		53.3268543	-6.2323521	2700	Monthly	2	2	Dublin 4
" The Pines, Herbert Park Lane, Ballsbridge, Dublin 4, Ballsbridge, Dublin 4"	Apartment		53.3268543	-6.2323521	2000	Monthly	1	1	Dublin 4
" Mount Pleasant Terrace , Ranelagh, Dublin 6"	Terraced House		53.328716	-6.2602323	3000	Monthly	3	1	Dublin 6
" MountJoy Square South, Dublin 1, Dublin 1, Dublin"	Apartment		53.3562193	-6.2558068	1375	Monthly	1	1	Dublin 1
" Shrewsbury Square Ballsbridge, Ballsbridge, Dublin 4, Ballsbridge, Dublin 4"	Apartment		53.3253658	-6.2201552	2850	Monthly	2	2	Dublin 4
" Merrion Village, Merrion, Dublin 4, Ballsbridge, Dublin 4"	Apartment		53.3205751	-6.2156745	1740	Monthly	1	1	Dublin 4
" Seamount Apartments Belfield, Stillorgan, Co. Dublin, Stillorgan, Dublin"	Apartment		53.3071199	-6.203349	POA	Monthly	3	2	
" Elgin House, Malahide Road, Malahide, Dublin"	House		53.4443513	-6.1646523	6300	Monthly	5	4	
" The Oaks Ridgewood Little Forrest Road , Swords, County Dublin"	Terraced House		53.4447212	-6.2438079	1950	Monthly	2	1	
" Ivy Exchange, Parnell Street, North City Centre, Dublin 1"	Apartment		53.3513804	-6.2640157	2000	Monthly	2	2	Dublin 1
" 16 Grenville, Rathgar, Dublin 6, D06W326"	Apartment	D06W326	53.3086206	-6.2631149	1980	Monthly	2	2	Dublin 6
" 26 Áscaill Páirc An Tsíoda, Dublin 22, Co. Dublin, Citywest, Dublin"	Studio		53.2974992	-6.4177162	795	Monthly	1	1	Dublin 22
" Mayor Street, IFSC, Dublin 1"	Apartment		53.3496963	-6.2454128	895	Weekly	3	2	Dublin 1
" Fitzwilliam Square, South City Centre, Dublin 2"	Apartment		53.3393522	-6.251457	725	Weekly	2	2	Dublin 2
" Hatch Street, Leeson Street, Dublin 2"	Studio		53.3344065	-6.255244	395	Weekly	1	1	Dublin 2
" Aungier Street, South City Centre, Dublin 2"	Apartment		53.3393522	-6.251457	444	Weekly	1	1	Dublin 2
" Aungier Street, South City Centre, Dublin 2"	Studio		53.3393522	-6.251457	396	Weekly	1	1	Dublin 2
" Aungier Street , South City Centre, Dublin 2"	Studio		53.3393522	-6.251457	315	Weekly	1	1	Dublin 2
" Creighton Street, Grand Canal Dk, Dublin 2"	Apartment		53.3454305	-6.2467386	1225	Weekly	2	1	Dublin 2
" Ormeau Street, Grand Canal Dk, Dublin 4"	Detached		53.3404057	-6.2370888	995	Weekly	3	2	Dublin 4
" 70, Grafton Street, Dublin 2"	Studio		53.3411515	-6.2606356	515	Weekly	1	1	Dublin 2
" 70 Grafton Street, Grafton Street, Dublin 2"	Studio		53.3411515	-6.2606356	475	Weekly	1	1	Dublin 2
" Hanover Street East , Dublin 2, Dublin"	Apartment		53.3441817	-6.2411353	1295	Weekly	3	3	Dublin 2
" Northumberland, Ballsbridge, Dublin 4"	Apartment		53.3376154	-6.2381639	795	Weekly	1	1	Dublin 4
" Tivoli Terrace, Dun Laoghaire, Dublin"	Semi-Detached		53.2906957	-6.1420441	8950	Monthly	6	4	
" Malahide Village, Malahide, Dublin"	Detached		53.4470841	-6.1534658	8950	Monthly	5	5	
" Synge Street, South City Centre, Dublin 8"	Detached		53.3331052	-6.2671705	4200	Monthly	3	2	Dublin 8
" Pavillion, Dun Laoighre, Dun Laoghaire, Dublin"	Apartment		53.2937214	-6.132775	4200	Monthly	2	2	
" 82 Brooklawn Block 6, Clontarf, Dublin 3, D03 HF50"	Apartment	D03 HF50	53.3647222	-6.2202443	1550	Monthly	1	1	Dublin 3
" The Courtyard Mount St. Annes, Milltown, Dublin 6"	Semi-Detached		53.3190207	-6.2470606	2800	Monthly	2	2	Dublin 6
" Merrion Road, Ballsbridge, Dublin 4"	Semi-Detached		53.3263249	-6.2244133	9500	Monthly	4	2	Dublin 4
" 84 Leeson Street Upper, Ballsbridge, Dublin 4"	Apartment		53.3287364	-6.2463891	1950	Monthly	1	1	Dublin 4
" The Court, Dunboyne Castle, Dunboyne, Co. Meath, Dublin"	Apartment		53.4151658	-6.4793205	1645	Monthly	3	1	
" 10 Parkside Drive, Balgriffin, Dublin 13, D13 T6T4"	Terraced House	D13 T6T4	53.4064983	-6.1682476	2128	Monthly	3	2	Dublin 13
" Millstone House, Clondalkin, Dublin 22, D22 F656"	Apartment	D22 F656	53.3230124	-6.4014901	1875	Monthly	2	2	Dublin 22
" Rathfarnham Road, Rathfarnham, Dublin 14"	Semi-Detached		53.3092999	-6.2835492	2600	Monthly	4	2	Dublin 14
" Holywell Rise, Swords, County Dublin"	Apartment		53.4432612	-6.2131231	1650	Monthly	2	2	
" Saunders House, Dublin 1"	Apartment		53.3493296	-6.2378874	1650	Monthly	1	0	Dublin 1
" Simmonscourt, Dublin 4"	Apartment		53.3260418	-6.2260453	2000	Monthly	2	0	Dublin 4
" Steevens Gate, St. James Street, South City Centre, Dublin 8,  "	Apartment		53.3434805	-6.2903194	1800	Monthly	2	2	Dublin 8
" Liberty Corner, Foley Street , North City Centre, Dublin 1"	Apartment		53.3516048	-6.2532046	1800	Monthly	2	1	Dublin 1
" Botanic Hall, Addison Park, Glasnevin, Dublin 11, D11WK37"	Apartment	D11WK37	53.3769832	-6.2772816	1182	Monthly	1	1	Dublin 11
" 1 Black Street, North Circular Road, Dublin 7, D07FHP2"	Bungalow	D07FHP2	53.351664	-6.2965875	1700	Monthly	2	1	Dublin 7
" St Teresa Place, Glasnevin, Dublin 9"	Terraced House		53.3687572	-6.2708517	2350	Monthly	3	1	Dublin 9
" 11 Symphony House, Adelaide Road, South City Centre, Dublin 2, D02 FP11"	Apartment	D02 FP11	53.3319689	-6.2543591	2200	Monthly	2	1	Dublin 2
" Mountjoy Square, Mountjoy Square, Dublin 1"	Apartment		53.3561439	-6.2556356	1450	Monthly	2	1	Dublin 1
" Willow Lodge, Rathbeale Road, Swords, Dublin"	Detached		53.46654	-6.2376774	3200	Monthly	5	3	
" Park Avenue, Swords, Dublin"	Semi-Detached		53.4582165	-6.2392229	2300	Monthly	4	3	
" The Kilns, Portmarnock, Dublin"	Apartment		53.4193726	-6.1502519	1750	Monthly	2	1	
" St Josephs Place, Dorset Street, Dublin 1"	Terraced House		53.3573529	-6.2637104	2100	Monthly	2	2	Dublin 1
" Brookford, Rush, Dublin"	Detached		53.5245767	-6.1052256	2000	Monthly	3	3	
" Dun Emer Place, Lusk, Dublin"	Semi-Detached		53.5253501	-6.1806904	1850	Monthly	3	3	
" 24 Wolsey House, Kinsealy, Dublin"	Apartment		53.4419522	-6.2022787	1750	Monthly	2	2	
" Park Avenue, Sandymount, Dublin 4, Sandymount, Dublin"	Apartment		53.3260892	-6.2136296	6500	Monthly	3	3	Dublin 4
" Occu Cedar Place, Ridgewood, CO.DUB, Swords, Co. Dublin"	Apartment		53.4492098	-6.2436234	1775	Monthly	2	1	
" Marshals Court, Dublin 8, Dublin"	Apartment		53.343784	-6.2820573	1710	Monthly	2	0	Dublin 8
" The Old Chocolate Factory, Kilmainham Square, Dublin 8, Dublin"	Apartment		53.3423374	-6.3094157	1995	Monthly	2	0	Dublin 8
" Castleknock, Dublin 15"	Apartment		53.3736519	-6.3584191	1900	Monthly	2	1	Dublin 15
" Lilys Way, Ongar, Dublin 15, D15Y2TO"	House		53.3963731	-6.4422549	1850	Monthly	2	2	Dublin 15
" Apartment 3, Kingston Lodge, Drumcondra, Dublin 3"	Apartment		53.3633693	-6.2433919	1500	Monthly	1	0	Dublin 3
" Ridgewood Grove, Swords, County Dublin"	Apartment		53.4446267	-6.2442897	1500	Monthly	2	1	
" Francis Street, The liberties, South City Centre, Dublin 8"	Apartment		53.3392963	-6.2737478	1800	Monthly	1	1	Dublin 8
" Synod Place, Norsemans Walk, Lusk Village, Lusk, County Dublin"	Apartment		53.5260582	-6.1600304	1500	Monthly	2	2	
" 48 Thomas Street, Dublin  8, Dublin 8, Dublin"	Apartment		53.3426951	-6.2788478	2000	Monthly	2	1	Dublin 8
" Arran Quay Apartments, Hammond Lane, Dublin 7, Dublin"	Apartment		53.3460107	-6.2764315	1400	Monthly	1	0	Dublin 7
" Apartment 86, The Chandler, Dublin 7, Dublin"	Apartment		53.34702	-6.282977	1340	Monthly	1	0	Dublin 7
" The Academy Building, Park West, Dublin 12"	Apartment		53.332925	-6.3793911	2400	Monthly	3	2	Dublin 12
" Healy's Lane, Rush, County Dublin"	House		53.5176907	-6.1151509	3000	Monthly	3	3	
" 2a Willow Court, Druids Valley, Cabinteely, Dublin 18, D18H63H"	Apartment	D18H63H	53.2482042	-6.1395096	1745	Monthly	2	1	Dublin 18
" Mulvey Crescent, Dundrum, Dublin 14"	Terraced House		53.3027968	-6.2374366	2200	Monthly	3	3	Dublin 14
" Avoca Hall, Avoca Park, Blackrock, Dublin"	Apartment		53.2947292	-6.1860274	1550	Monthly	1	1	
" 305 Beacon One, Sandyford, Dublin 18"	Apartment		53.276225	-6.2207062	2000	Monthly	2	2	Dublin 18
" 103 Hampton Square, North County Dublin, Navan Road, Dublin 7"	Apartment		53.3606821	-6.3019731	1550	Monthly	1	1	Dublin 7
" Milesian Lawn, Swords, Swords, County Dublin"	Apartment		53.451748	-6.2073788	1600	Monthly	2	2	
" Bella Street, Dublin 1, Dublin, D01K7P3 "	Terraced House	D01K7P3	53.3551563	-6.2504915	2000	Monthly	3	2	Dublin 1
" St Andrews Fairways, Lucan, County Dublin"	Semi-Detached		53.3524304	-6.4231854	2550	Monthly	4	3	
" Shrewsbury Park, Ballsbridge, Dublin 4"	Apartment		53.3247303	-6.219171	2250	Monthly	2	2	Dublin 4
" 40, Block A, The Bottle Works, , Irishtown, Dublin 4"	Apartment		53.3405071	-6.2262763	2200	Monthly	2	2	Dublin 4
" Fortunes Walk, Citywest, Dublin"	Apartment		53.2839081	-6.4249889	1750	Monthly	2	2	
" Bellevue, Islandbridge, Dublin 8, D08 PD28"	Apartment	D08 PD28	53.3468527	-6.3108311	1350	Monthly	1	1	Dublin 8
" 12 Beechwood Avenue Lower, Ranelagh,   Dublin 6"	House		53.3219076	-6.2540554	4500	Monthly	4	2	Dublin 6
" The Wintergarden, Pearse Street, South City Centre, Dublin 2"	Apartment		53.3431908	-6.2433992	1969	Monthly	2	1	Dublin 2
" Apartment 67, Rockview, Blackglen Road Sandyford, South Co. Dublin, Sandyford, Dublin 18, D18R837"	Apartment	D18R837	53.2697203	-6.2395805	1595	Monthly	1	1	Dublin 18
" Vernon Heath, Clontarf, Dublin 3"			53.3688651	-6.192836	3500	Monthly	5	3	Dublin 3
" Stewart Hall, Ryder\'s Row, Dublin 1, Dublin"	Apartment		53.3501945	-6.2685654	1450	Monthly	1	0	Dublin 1
" 30 Goldsmith Hall, Collegewood, Castleknock, Dublin 15"	Apartment		53.3723533	-6.3697539	1800	Monthly	2	1	Dublin 15
" Castlegrange Square, Clondalkin, Dublin 22"	Terraced House		53.321154	-6.4234113	1550	Monthly	2	2	Dublin 22
" Millrace Park, Saggart, Dublin"	Terraced House		53.2810679	-6.4526444	2000	Monthly	3	3	
" Killeek Lane, Killeek Cottage, Swords, County Dublin, K67H4C1"	Bungalow	K67H4C1	53.4498815	-6.2859014	2145	Monthly	2	1	
" 5 Gledswood Close, Clonskeagh, Dublin 6, Dublin 14"			53.3043971	-6.2366153	3477	Monthly	4	1	Dublin 6
" Amiens Square, Dublin 1, Dublin"	Apartment		53.3507902	-6.2509695	1485	Monthly	1	1	Dublin 1
" Marlborough Street, North City Centre, Dublin 1"	Apartment		53.3498013	-6.2577629	2400	Monthly	3	2	Dublin 1
" Belfry Road, Citywest, County Dublin"	Apartment		53.2756149	-6.413421	1400	Monthly	1	1	
" Oldbridge Glen, Lucan, County Dublin"	House		53.3380068	-6.4345762	2500	Monthly	4	2	
" 3 Shannon Terrace, Kilmainham, Dublin 8, Kilmainham, Dublin 8"	Terraced House		53.3410884	-6.3031463	1816	Monthly	3	2	Dublin 8
" 91 Lower main Street, Rush, Dublin"	Semi-Detached		53.5215644	-6.0849801	2800	Monthly	5	4	
" 2 103 South Circular Road, Portobello, Dublin 8, D08PO21"	Apartment		53.3320044	-6.2746606	1150	Monthly	1	1	Dublin 8
" 21 O'Connell Ave, Phibsboro, Dublin 7, D07X3XO"	Terraced House		53.3581976	-6.2704268	2700	Monthly	3	1	Dublin 7
" 251 North Circular Road, North Circular Road, Dublin 7, D07H6TT"	Studio	D07H6TT	53.3589301	-6.2824027	850	Monthly	0	1	Dublin 7
" 55 Northumberland Road, Ballsbridge, Dublin 4, D04X9AO"	Apartment		53.3340124	-6.2370384	1850	Monthly	2	1	Dublin 4
" 28 Kingston Lodge, Drumcondra, Dublin 9, D03R925"	Apartment	D03R925	53.3634956	-6.2555061	1800	Monthly	2	2	Dublin 9
" 72 St Annes, Kimmage, Dublin 6W, D12P5K3"	Terraced House	D12P5K3	53.3112917	-6.3044459	2200	Monthly	3	1	Dublin 6W
" The Moorings, Chapelizod, Dublin 20"	House		53.3487963	-6.3468611	2000	Monthly	3	2	Dublin 20
" Gray Street, Dublin 8, Dublin"	House		53.3403731	-6.2787513	1800	Monthly	2	1	Dublin 8
" Ashcroft, Raheny, Dublin 5"	House		53.3829137	-6.1757535	2200	Monthly	3	0	Dublin 5
" Flat 3, 26 Vernon Avenue, Clontarf, Dublin 3"	House		53.3605589	-6.1960036	1400	Monthly	1	0	Dublin 3
" Flat 1, 26 Vernon Avenue, Clontarf, Dublin 3"	House		53.3615559	-6.1954861	1700	Monthly	2	0	Dublin 3
" 6 Shielmartin Park, Sutton, Dublin 13"	House		53.3726979	-6.0962142	4000	Monthly	4	0	Dublin 13
" The Square, Ballsbridge, Dublin 4"	Apartment		53.3355941	-6.2356173	2500	Monthly	2	1	Dublin 4
" The Courthouse, Rathcoole, County Dublin"	Apartment		53.2802134	-6.4702268	1850	Monthly	2	1	
" Suncroft Drive, Tallaght, Dublin 24"	House		53.28115	-6.4047474	1514	Monthly	3	1	Dublin 24
" Highgrove Mount Talbot, Clondalkin, Dublin 22"	Apartment		53.3188057	-6.3712546	1700	Monthly	2	2	Dublin 22
" Carrig House, Monkstown, County Dublin"	Apartment		53.2923405	-6.152069	2000	Monthly	2	1	
" Apartment 1, Fortlands, Herbert Avenue, Ballsbridge, Dublin 4, D04PW90"		D04PW90	53.3168328	-6.2090263	2650	Monthly	2	2	Dublin 4
" Barnwell Square East, Hansfield, Clonee, Dublin 15, D15 AT1W"	House	D15 AT1W	53.3914499	-6.4421488	2450	Monthly	3	3	Dublin 15
" The Courtyard, Clonsilla, Dublin 15, D15V6R3"	House	D15V6R3	53.381275	-6.4031338	1710	Monthly	2	1	Dublin 15
" Block B Bellevue, Islandbridge, Dublin 8"	Apartment		53.3468527	-6.3108311	1850	Monthly	2	1	Dublin 8
" Apartment, Lindsay House, Dean Court, Dublin 8, Dublin"	Apartment		53.3398733	-6.2725557	1700	Monthly	2	0	Dublin 8
" Juliet Square, St. Edmunds, Lucan, Co. Dublin"	Apartment		53.354224	-6.4078825	2250	Monthly	3	2	
" Apt 67, Marlborough Court, Marlborough Street, Dublin 1, D01 XY74"	Apartment	D01 XY74	53.3523258	-6.2587244	1650	Monthly	1	1	Dublin 1
" Apt 2 Monck Place, Phibsboro, Dublin 7, D07 V2R0"	Apartment	D07 V2R0	53.3589359	-6.2741578	POA	Monthly	2	1	Dublin 7
" 61 Fort Ostman, Crumlin, Dublin 12, D12 XY3Y"	Apartment	D12 XY3Y	53.3271194	-6.3022115	1900	Monthly	2	2	Dublin 12
" The Cedars, Herbert Park Lane Apartments, Ballsbridge, Dublin 4"	Apartment		53.3278232	-6.2318985	2200	Monthly	2	0	Dublin 4
" Russell Lawns, Tallaght, Dublin 24"	Terraced House		53.2832579	-6.4070169	2100	Monthly	3	3	Dublin 24
" Raglan Road, Ballsbridge, Dublin 4,  "	Apartment		53.3309681	-6.2375586	2000	Monthly	2	1	Dublin 4
" Slade Castle Court, Saggart, County Dublin"	Apartment		53.2792712	-6.4456244	1450	Monthly	1	1	
" 8 Mobhi court, Glasnevin, Dublin 9"	Apartment		53.3737491	-6.267512	1450	Monthly	1	1	Dublin 9
" Hampton Wood Road, Finglas, Dublin 11"	Apartment		53.4051182	-6.2907755	1640	Monthly	2	0	Dublin 11
" 45 Wellington Road, Dublin 4"	Apartment		53.3300684	-6.2419608	2100	Monthly	1	0	Dublin 4
" Hill Of Down, Spencer Dock, Dublin 1, Dublin"	Apartment		53.3498002	-6.2392578	2950	Monthly	2	2	Dublin 1
" Occu Abbot Court, Cualanor, CODUBLIN, Dun Laoghaire, Co. Dublin"	Apartment		53.2827277	-6.1426919	1760	Monthly	1	1	
" Occu Fairway, Cualanor, Upper Glenageary Road, CODUBLIN, Dun Laoghaire, Co. Dublin"	Apartment		53.2827277	-6.1426919	2200	Monthly	2	2	
" Apt. 97 Jervis Place, North City Centre,   Dublin 1"	Apartment		53.3467104	-6.2673526	1750	Monthly	2	1	Dublin 1
" Apartment 19 House 1 Linden Square, Blackrock, County Dublin"	Apartment		53.2932923	-6.1912232	2100	Monthly	2	2	
" The Old Chocolate Factory, Kilmainham, Dublin 8, D08 T0C3"	Apartment	D08 T0C3	53.3423374	-6.3094157	2000	Monthly	2	2	Dublin 8
" Elmfield by havitat, Ballyogan Road, Dublin 18, Leopardstown"	Apartment		53.2601783	-6.2070873	1825	Monthly	1	1	Dublin 18
" East Arran Street, Smithfield, Dublin 7"	Apartment		53.3467841	-6.2700531	1664	Monthly	1	1	Dublin 7
" The Chandler, Arran Quay, Dublin 7, Dublin"	Apartment		53.3464217	-6.2757118	1600	Monthly	1	0	Dublin 7
" Harcourt Green, Off Harcourt Street, Dublin 2, Dublin"	Apartment		53.3312517	-6.2610716	2500	Monthly	3	0	Dublin 2
" Hyde Court, Dublin 2, Dublin"	Apartment		53.3454906	-6.25191	1700	Monthly	1	0	Dublin 2
" 2 Berkeley Road, Dublin 7, Phibsboro, Dublin 7, D07 WF29"	Apartment	D07 WF29	53.3578678	-6.2690835	1298	Monthly	2	1	Dublin 7
" Apartment 31, The Barrington, Lansdowne Place, Ballsbridge,   Dublin 4"	Apartment		53.3326266	-6.2351929	4000	Monthly	2	2	Dublin 4
" Slade Castle Avenue , Saggart, Dublin"	Apartment		53.27866	-6.44576	1450	Monthly	1	0	
" 55 Mountjoy Square, Mountjoy Square West, Dublin 1, Dublin"	Apartment		53.3557857	-6.2583557	1395	Monthly	1	1	Dublin 1
" Adamstown Boulevard, CO.DUB, Adamstown, Co. Dublin"	Apartment		53.3386306	-6.4734034	1875	Monthly	2	2	
" Adamstown Boulevard, CO., Adamstown, Co. Dublin"	Apartment		53.3411394	-6.4691618	2150	Monthly	3	2	
" Apt 7, 32/33 Upper Gardiner Street, Mountjoy Square, Dublin 1, D01 X7W1"	Apartment	D01 X7W1	53.3583511	-6.2610958	1500	Monthly	1	1	Dublin 1
" The Ramparts, Willow Avenue, Cabinteely, Dublin 18"	Apartment		53.2504298	-6.1439227	2100	Monthly	2	2	Dublin 18
" 201 Longboat Quay South, Grand Canal Dk, Dublin 2, D02VH56"	Apartment	D02VH56	53.3448353	-6.2367407	1700	Monthly	1	1	Dublin 2
"  62 Clanbrassil Street Upper, Portobello,, Portobello, Dublin 8"	Apartment		53.3317154	-6.2748948	1550	Monthly	1	1	Dublin 8
" Aylmer Road, Newcastle, Dublin"	Studio		53.3070347	-6.4750816	900	Monthly	1	0	
" Kiltipper Gate, Tallaght, Dublin 24"	Apartment		53.2696956	-6.3704185	1750	Monthly	2	2	Dublin 24
" Abbey Glen by havitat, Johnstown Road, Dublin 18, Cabinteely"	Apartment		53.2647994	-6.1483882	1745	Monthly	1	1	Dublin 18
" The Wood, Clon Brugh, Aikens Village, Stepaside, Dublin 18"	Apartment		53.2643458	-6.227438	1900	Monthly	2	2	Dublin 18
" 16 Garthy Wood, Knocklyon Road, Knocklyon, Dublin 16, D16AY09"	Apartment	D16AY09	53.2819294	-6.3180174	1850	Monthly	2	2	Dublin 16
" The Hedgerows, Foxrock, Dublin 18, D"	House		53.2678953	-6.1851561	2500	Monthly	2	2	Dublin 18
" Thornfield Square, Clondalkin, Dublin 22,  "	Apartment		53.3243492	-6.393099	1875	Monthly	2	2	Dublin 22
" Highfield Manor, Rathgar, Dublin 6"	Apartment		53.3123335	-6.2711805	1995	Monthly	2	1	Dublin 6
" 8 Ashfield Park, Mulhuddart, Dublin 15, D15 F9WV"	Semi-Detached	D15 F9WV	53.4014416	-6.4025302	2100	Monthly	3	1	Dublin 15
" 59 Castle Gate Apartments, Castle Street, Dublin 2, Dublin"	Apartment		53.3436748	-6.2689091	1500	Monthly	1	1	Dublin 2
" 47 Mountjoy Square, Mountjoy Square, Dublin 1, D01X598"	Apartment	D01X598	53.3556788	-6.2572213	1700	Monthly	1	1	Dublin 1
" 117 Bow Bridge Place, Irwin Street, Kilmainham, Dublin 8"	Penthouse		53.3428004	-6.2970274	2200	Monthly	2	2	Dublin 8
" Sandyford View, Sandyford, Dublin 18, D18P6HV"	Apartment	D18P6HV	53.2697667	-6.2393726	1800	Monthly	2	2	Dublin 18
" Kilmahuddrick, Clondalkin, Dublin 22"	Apartment		53.3265425	-6.4300062	1600	Monthly	2	1	Dublin 22
" MOREHAMPTON HALL, Morehampton Road, Donnybrook, Dublin 4."	Apartment		53.325251	-6.240511	2000	Monthly	2	2	Dublin 4
" Apartment 23, Frankfort Court, Rathgar, Dublin 6"	Apartment		53.3170033	-6.2693317	1450	Monthly	1	1	Dublin 6
" Apartment 9, Windermere, Gilford Road, Sandymount, Dublin 4"	Apartment		53.3291908	-6.2131349	1500	Monthly	1	1	Dublin 4
" Apartment 21, Highfield Court, Rathgar, Dublin 6"	Apartment		53.3132694	-6.2639194	1456	Monthly	1	1	Dublin 6
" Sanderling Booterstown, South Co. Dublin, Booterstown, County Dublin"	Bungalow		53.3004639	-6.2046876	2500	Monthly	2	2	
" Apartment 41, Gloucester Square, Dublin 1, Dublin"	Apartment		53.3527242	-6.2545305	1940	Monthly	2	2	Dublin 1
" Apartment 35, Fort Ostman, Old County Road, Crumlin, Dublin 12"	Apartment		53.3275039	-6.3018896	1800	Monthly	2	1	Dublin 12
" 32 Capel Street, Capel Street, Dublin 1"	Apartment		53.3479048	-6.2683777	3350	Monthly	4	2	Dublin 1
" 49 Park Avenue, Clongriffin, Dublin 13"	House		53.4050073	-6.1522166	2500	Monthly	4	3	Dublin 13
" St Cathryns Court, Newgrove Avenue, Sandymount, Dublin 4"	Apartment		53.3316057	-6.2119031	2100	Monthly	2	1	Dublin 4
" 16 White Oaks, Clonskeagh, Dublin 14"	House		53.3035673	-6.2362366	2021	Monthly	3	1	Dublin 14
" Portland Lock, Royal Canal Way, North City Centre, Dublin 1"	Apartment		53.3609736	-6.2581334	1600	Monthly	1	1	Dublin 1
" Kings Court, Parnell Street, North City Centre, Dublin 1"	Apartment		53.3503038	-6.2660275	1800	Monthly	2	1	Dublin 1
" Barton Drive, Rathfarnham, Dublin 14, D14 X8C2"	Apartment	D14 X8C2	53.2893079	-6.2817196	1560	Monthly	1	1	Dublin 14
" 96 Wintergarden, Pearse Street, South City Centre, Dublin 2"	Apartment		53.3431908	-6.2433992	1750	Monthly	1	1	Dublin 2
" 76 Gresham House, The O'Casey, Cathal Brugha St, North City Centre, Dublin 1"			53.3526442	-6.2584831	1550	Monthly	1	1	Dublin 1
" 40 Temple Lawns, Santry, Dublin 9"	Apartment		53.4046989	-6.2468125	2200	Monthly	3	2	Dublin 9
" Stewarts Hall, Parnell Street, Dublin 1, Dublin"	Apartment		53.3501945	-6.2685654	1850	Monthly	2	1	Dublin 1
" Marlborough Street, Dublin 1, Dublin"	Apartment		53.3498013	-6.2577629	2600	Monthly	3	2	Dublin 1
" Willsbrook Crescent, Lucan, County Dublin"	Semi-Detached		53.3552467	-6.4232733	1800	Monthly	3	1	
" The Waterside, Charlotte Quay, Grand Canal Dk, Dublin 4"	Apartment		53.3422252	-6.2360342	1650	Monthly	1	1	Dublin 4
" 30 Lansdowne Road, Ballsbridge, Dublin 4, D04E0H7"	House	D04E0H7	53.3335856	-6.2332988	15000	Monthly	4	4	Dublin 4
" 87 Gordon Street, Ringsend, Dublin 4"	Terraced House		53.3394646	-6.2336395	2000	Monthly	2	1	Dublin 4
" Ha'Penny Bridge House, Dublin 1, Dublin"	Apartment		53.3465173	-6.2656625	1850	Monthly	2	1	Dublin 1
" 6 Carlton Villas, , Ballsbridge, Dublin 4"	Apartment		53.3329001	-6.2312071	2400	Monthly	2	1	Dublin 4
" 26 Ballintyre Meadows, Ballinteer, Dublin 16, D16AT81"	Apartment	D16AT81	53.2724205	-6.2547429	2600	Monthly	0	0	Dublin 16
" 66 Custom Hall, Talbot Street, Dublin 1, D01 AK00"	Apartment	D01 AK00	53.3516735	-6.2550637	1686	Monthly	2	1	Dublin 1
" Melmore, Eglinton Court, Donnybrook, Dublin 4"	Apartment		41.0239447	-83.1093604	1622	Monthly	1	1	Dublin 4
" Baltrasna House, Spencer Dock, IFSC, Dublin 1"	Apartment		53.3494306	-6.2386257	2100	Monthly	2	2	Dublin 1
" Carysfort Villas, Dalkey, Dublin"	Terraced House		53.2788439	-6.1049577	1700	Monthly	1	1	
" Park Drive Avenue, Castleknock, Dublin 15"	House		53.3747701	-6.3668048	2000	Monthly	2	1	Dublin 15
" Meadowbrook, Blessington Road, Tallaght, Dublin 24"	Bungalow		53.2892034	-6.3671225	1550	Monthly	3	1	Dublin 24
" Woodlawn, 124 Ranelagh, Ranelagh, Dublin 6, D06H2R3"	Apartment	D06H2R3	53.3240131	-6.2506569	2150	Monthly	2	1	Dublin 6
" 12 Richmond Villas, South Richmond Street, Dublin 2, Dublin"	Apartment		53.3324394	-6.2645698	1800	Monthly	2	1	Dublin 2
" 1 Sandyford Hall Place, Sandyford,, Dublin 18, Dublin"	House		53.261171	-6.2130609	2850	Monthly	4	3	Dublin 18
" Liffey Walk, North Lotts, Dublin 1, Dublin"	Apartment		53.3474815	-6.2628257	1500	Monthly	1	0	Dublin 1
" Cabra Road, Cabra,   Dublin 7"	Studio		53.3610272	-6.2781749	800	Monthly	1	0	Dublin 7
" Apt 13, Pavillion 2, Marine Road, Dun Laoghaire, County Dublin, A96NY18"	Apartment	A96NY18	53.2931946	-6.1346724	2695	Monthly	3	2	
" Radcliff Hall, St. Johns Road, Sandymount, Dublin 4"	Apartment		53.3250765	-6.2110794	3000	Monthly	3	2	Dublin 4
" Highfield Court Highfield Park, Dundrum, Dublin 14, Dundrum, Dublin 14, Dundrum, Dublin 14"	Apartment		53.3010412	-6.2465792	1900	Monthly	2	1	Dublin 14
" 41 Burleigh Court, Ballsbridge, Dublin 4, D04XP60"	Apartment	D04XP60	53.3316545	-6.2476511	1795	Monthly	1	1	Dublin 4
" O'connell Street Lower, Dublin 1, Dublin, D01 HR04"	Apartment	D01 HR04	53.3477664	-6.2588853	POA	Monthly	0	0	Dublin 1
" Apt 2 - 2 Lower Rathmines Road, Rathmines, Dublin 6, D06V0V5"	Apartment	D06V0V5	53.3296779	-6.2640569	1950	Monthly	1	1	Dublin 6
" Apartment 140, Block 4, Parkgate Place, Parkgate Street, Islandbridge, Dublin 8"	Apartment		53.3474734	-6.2945416	1800	Monthly	2	0	Dublin 8
" Apt 10 Crostick Court, South City Centre - D8, Dublin 8, D08CK71"	Apartment	D08CK71	53.3393522	-6.251457	1900	Monthly	0	1	Dublin 8
" Radcliff Hall, St. Johns Road, Sandymount, Dublin 4"	Detached		53.3250765	-6.2110794	1500	Monthly	1	1	Dublin 4
" The Sweepstakes, Ballsbridge, Dublin 4"	Apartment		53.3315191	-6.2282866	2000	Monthly	2	2	Dublin 4
" 23 Merrion Village, Merrion Road, Ballsbridge, Dublin 4"	Apartment		53.319076	-6.2104761	2487	Monthly	2	2	Dublin 4
" Dundrum Castle House, Dundrum, Dublin 16, D16 P654"	Apartment	D16 P654	53.2876039	-6.2454443	2400	Monthly	2	2	Dublin 16
" 67 Lower Dorset Street, North City Centre, Dublin 1, D01 YF74"	Apartment	D01 YF74	53.3608038	-6.2607061	1400	Monthly	1	1	Dublin 1
" Crosbies Yard, East Wall, Dublin 3"	Apartment		53.3557107	-6.2399534	1550	Monthly	1	1	Dublin 3
" Richmond Court, Richmond South Avenue, Milltown, Dublin 6"	Apartment		53.3088917	-6.2524469	1850	Monthly	2	1	Dublin 6
" Saint Annes, Ballsbridge, Dublin 4"	Apartment		53.3196155	-6.2304923	1800	Monthly	1	1	Dublin 4
" Emmet Place , South City Centre, Dublin 8"	Apartment		53.3453047	-6.2799583	680	Monthly	0	1	Dublin 8
" Rochford Park, Kill, Dublin West, Dublin"	Apartment		53.2486773	-6.5852534	1502	Monthly	2	1	
" 72 South Lotts Road, Ringsend, Dublin 4"	Apartment		53.3403977	-6.2323194	2690	Monthly	3	3	Dublin 4
" 106 Ballintyre Square, Ballinteer, Dublin 16, 16"	Apartment		53.2736987	-6.2557835	1850	Monthly	2	2	Dublin 16
" College Gate, Townsend Street, South City Centre, Dublin 2"	Apartment		53.3393522	-6.251457	1850	Monthly	2	1	Dublin 2
" 1 Richmond Villas, South Richmond Street, South City Centre,   Dublin 2"	Apartment		53.3324394	-6.2645698	1900	Monthly	2	1	Dublin 2
" 23 Merton Walk, Mount Saint Anne's, Milltown, Dublin 6, D06 KD71"	Apartment	D06 KD71	53.3133031	-6.251913	2285	Monthly	2	2	Dublin 6
" 54 Milltown Hall, Milltown, Dublin 6, D06R892"	Apartment	D06R892	53.3138087	-6.2500035	2400	Monthly	2	2	Dublin 6
" Wyckham Place , Dundrum, Dublin 14"	Apartment		53.2814082	-6.2423238	1695	Monthly	1	1	Dublin 14
" 5 Glaunsharoon, Eglinton Road, Donnybrook, Dublin 4"	Apartment		53.3194584	-6.2364575	4000	Monthly	3	1	Dublin 4
" Alpine Heights, Clondalkin, Dublin 22"	Apartment		53.3232105	-6.4095801	1250	Monthly	1	1	Dublin 22
" 151 The Northumberlands, Grand Canal Dk, Dublin 2"	Apartment		53.3385931	-6.2414749	2000	Monthly	2	2	Dublin 2
" Garrison Mews, Cabinteely, Dublin 18"	Apartment		53.2507748	-6.1429953	2000	Monthly	2	2	Dublin 18
" 2 Edenvale, Eden Court, Rathfarnham, Dublin 14, D16 AE80"	Apartment	D16 AE80	53.2808447	-6.2740994	1700	Monthly	2	1	Dublin 14
" Oakwood, The Glen, Bettyglen, Raheny, Dublin 5"	Apartment		53.3761029	-6.1671603	1313	Monthly	1	1	Dublin 5
" Maplewood Avenue, Tallaght, Dublin 24"	House		53.285939	-6.3857128	1800	Monthly	3	1	Dublin 24
" Music Hall Cow's Lane, Temple Bar, Dublin 2"	Apartment		53.3441025	-6.2689444	2000	Monthly	2	2	Dublin 2
" Apt 2 @ No. 49 Pembroke Road, Ballsbridge, Dublin 4"	Apartment		53.3321185	-6.2356748	1850	Monthly	2	2	Dublin 4
" Temple Court, Northwood, Santry, Dublin 9"	Apartment		53.405326	-6.2486729	1750	Monthly	2	2	Dublin 9
" Fitzwilliam Quay, Ballsbridge, Dublin 4"	Apartment		53.3414626	-6.2282811	1650	Monthly	1	1	Dublin 4
" Grafton Hall, Dublin 2"	Apartment		53.3388816	-6.2657926	1575	Monthly	2	0	Dublin 2
" Victoria Terrace, Dundrum, Dublin 14"	Terraced House		53.2937564	-6.2443163	2800	Monthly	3	1	Dublin 14
" Cedarbrook Place , Cherry Orchard, Dublin 10"	Apartment		53.3376304	-6.3800677	1850	Monthly	2	1	Dublin 10
" Occu Strand View, Howth Road, Dublin"	Apartment		53.3830321	-6.1486491	3250	Monthly	3	2	
" Occu Strand View, Howth Road, Dublin"			53.3830321	-6.1486491	3500	Monthly	4	3	
" Occu Strand View, Howth Road, Dublin"	Apartment		53.3830321	-6.1486491	2250	Monthly	2	2	
" Occu Strand View, Howth Road, Dublin"	Apartment		53.3830321	-6.1486491	2750	Monthly	3	2	
" Occu Strand View, Howth Road, Dublin"	Apartment		53.3830321	-6.1486491	2025	Monthly	1	1	
" Fortunes Lawn, Citywest, Dublin"	Apartment		53.2835559	-6.4253546	1700	Monthly	2	2	
" 41 Maple House, Mespil Estate, Sussex Street, Dublin 4, Dublin"	Apartment		53.3308878	-6.2503614	1600	Monthly	1	1	Dublin 4
" Hillview, Mount Talbot, Clondalkin, Dublin 22"	Apartment		53.3187531	-6.3717069	1460	Monthly	1	1	Dublin 22
" Shrewsbury , Shrewsbury Avenue, Ballsbridge, Dublin 4"	Apartment		53.3253568	-6.2201361	2850	Monthly	3	1	Dublin 4
"  The Oaks, Parkview, Stepaside, Dublin 18"	Apartment		53.2599769	-6.2228573	1900	Monthly	2	2	Dublin 18
" The Oaks, Parkview, Stepaside, Dublin 18"	Apartment		53.2599769	-6.2228573	1900	Monthly	2	2	Dublin 18
" 45, O'connell Street Lower, Dublin 1, Dublin"	Apartment		53.348161	-6.2600387	POA	Monthly	0	0	Dublin 1
" Quayside Quarter at Dublin Landings, Docklands, Dublin 1"	Apartment		53.3471988	-6.2326983	3580	Monthly	3	2	Dublin 1
" Quayside Quarter @ Dublin Landings, Docklands, Dublin 1"	Apartment		53.3471988	-6.2326983	2550	Monthly	2	2	Dublin 1
" Quayside Quarter @ Dublin Landings, Docklands, Dublin 1"	Apartment		53.3471988	-6.2326983	2300	Monthly	1	1	Dublin 1
" Adelaide Square, Whitefriar Street, Dublin 2, Dublin"	Apartment		53.3399246	-6.2677826	1750	Monthly	1	0	Dublin 2
" Cedarbrook Place, Cherry Orchard, Dublin 10"	Studio		53.3376304	-6.3800677	1200	Monthly	0	0	Dublin 10
" Belleville, Ashtown, Blackhorse Ave, Dublin 7"	Apartment		53.3706437	-6.3317232	1990	Monthly	2	2	Dublin 7
" Brookdale Road, Swords, County Dublin"	House		53.4537032	-6.2488577	1950	Monthly	3	2	
" The Paddocks, Adamstown, Dublin"	Apartment		53.3479244	-6.4614717	2100	Monthly	3	3	
" Drumfinn Road, Ballyfermot, Dublin 10"	Terraced House		53.3434063	-6.3599938	2000	Monthly	3	1	Dublin 10
" Cubes 8, Beacon South Quarter, Sandyford, Dublin 18"	Apartment		53.2775738	-6.2151242	1950	Monthly	2	2	Dublin 18
" 8 Proby Hall, Dalkey, County Dublin"	Apartment		53.2761814	-6.1030773	1900	Monthly	2	2	
" Apartment 129, The Pines, Herbert Park Lane, Ballsbridge, Dublin 4"	Apartment		53.3268543	-6.2323521	3100	Monthly	2	2	Dublin 4
" 41 Ashlington Dale, Dublin, Castleknock, Dublin 15"			53.3748068	-6.3167589	2100	Monthly	3	1	Dublin 15
" Apartment 12, XIX Pembroke Road, Dublin 4 , Ballsbridge, Dublin 4"	Apartment		53.3320446	-6.2326597	3300	Monthly	2	2	Dublin 4
" Lower Grangegorman Road , Smithfield, Dublin 7"	Apartment		53.3528289	-6.2799665	249	Weekly	1	1	Dublin 7
" Mayor Street Upper, North Wall, Dublin 1"	Apartment		53.3488438	-6.2359354	230	Weekly	1	1	Dublin 1
" Slade Castle Court, Saggart, Dublin"	Apartment		53.2792712	-6.4456244	1450	Monthly	1	1	
" Cedarbrook Walk, Cherry Orchard, Ballyfermot,  Dublin 10"	Apartment		53.3359909	-6.3796875	1300	Monthly	1	1	Dublin 10
" Elgin Road, Ballsbridge, Dublin 4"	Apartment		53.3306382	-6.2371219	1700	Monthly	1	1	Dublin 4
" Crumlin Road, Crumlin, Dublin 12"	Apartment		53.3296731	-6.2965517	1700	Monthly	2	1	Dublin 12
" Blackhall Square, Block C, Smithfield, Dublin 1, Dublin"	Apartment		53.3487143	-6.2812387	1800	Monthly	2	0	Dublin 1
" 1 Rockbrook Hall, Stillorgan Road, Foxrock , Foxrock, Dublin 18"	Detached		53.276509	-6.1804128	3100	Monthly	3	3	Dublin 18
" 224 Bachelors Walk, Dublin 1, Dublin"			53.3475939	-6.2596227	1400	Monthly	1	1	Dublin 1
" 84 GRIFFITH HALL, Glandore Road, Drumcondra, Dublin 9"	Apartment		53.373804	-6.2369135	1850	Monthly	2	2	Dublin 9
" Watermeadow Drive, Tallaght, Dublin 24"	Semi-Detached		53.2813993	-6.3669853	2000	Monthly	4	1	Dublin 24
" Belfry Green, Citywest, Citywest, County Dublin"	Apartment		53.2780345	-6.4135863	2000	Monthly	3	1	
" La Rochelle, Dublin 8, Dublin"	Apartment		53.34312	-6.2749185	2000	Monthly	2	2	Dublin 8
" Station Grove, Clondalkin, Dublin 22"	Terraced House		53.3306187	-6.3956942	2100	Monthly	3	2	Dublin 22
" Cedar House, Mespil Estate, Sussex Road, Donnybrook, Dublin 4"	Studio		53.3308878	-6.2503614	1400	Monthly	1	1	Dublin 4
" St James, Hollybrook Park Clontarf, Clontarf,   Dublin 3"	Apartment		53.3668745	-6.2170039	1550	Monthly	1	1	Dublin 3
" Slade Castle Court, Slade Castle, Co.Dublin, CODUBLIN, Saggart, Co. Dublin"	Apartment		53.2792438	-6.4457259	1400	Monthly	1	1	
" Millbrook Lawns, Tallaght, Dublin 24"	Semi-Detached		53.2824686	-6.354929	2200	Monthly	4	1	Dublin 24
" Merrion Court, Ailesbury Road, Dublin 4, Dublin"	Apartment		53.3203517	-6.2143093	2495	Monthly	3	2	Dublin 4
" Penthouse, Ely Mews, Rogers Lane (off Lower Baggot Street), South City Centre, Dublin 2"	Apartment		53.3375044	-6.2529589	1827	Monthly	1	1	Dublin 2
" Shalimar Apartments, Clondalkin, Dublin 22, Clondalkin, Dublin 22"	Apartment		53.3183437	-6.3744486	1950	Monthly	3	2	Dublin 22
" Neptune by havitat, CO., Dun Laoghaire, Co. Dublin"	Apartment		53.2801069	-6.1436563	2995	Monthly	3	4	
" Abbey Glen by havitat, Johnstown Road, Dublin 18, Cabinteely"	Apartment		53.2647994	-6.1483882	1850	Monthly	2	2	Dublin 18
" Monterey, Ferndale Road,Rathmichael,Co. Dublin."	Detached		53.2119281	-6.1339016	5200	Monthly	5	4	
" Leona Apartments, CODUBLIN, Dun Laoghaire, Co. Dublin"	Apartment		53.2796783	-6.1442735	2600	Monthly	3	3	
" Castlegrange Close , Clondalkin, Dublin 22"	House		53.3215445	-6.425891	2100	Monthly	3	2	Dublin 22
" 11, Pembroke Court, 75/77 Pembroke Road,, Ballsbridge, Dublin 4"	Apartment		53.3321185	-6.2356748	1700	Monthly	1	1	Dublin 4
" Slademore, Sladehill, Saggart, County Dublin"	Apartment		53.2404458	-6.481365	1000	Monthly	1	1	
" The Courthouse, Rathcoole, Dublin"	Apartment		53.2802134	-6.4702268	1850	Monthly	2	1	
" 68 Adair, Sandymount Avenue, Sandymount, Dublin 4"	Apartment		53.3273993	-6.2231593	1950	Monthly	2	1	Dublin 4
" An Teach Deireanach, Cranmer Place, Ballsbridge, Dublin 4"	House		53.3371824	-6.2367546	POA	Monthly	3	3	Dublin 4
" Cherrywood Grove, Clondalkin, Dublin 22"	Bungalow		53.321156	-6.4094045	1800	Monthly	3	2	Dublin 22
" 13 Meade's Terrace , South City Centre, Dublin 2"	Apartment		53.3393522	-6.251457	1750	Monthly	1	1	Dublin 2
" St.Edmunds Grove, St Edmunds, CODUBLIN, Lucan, Co. Dublin"			53.3570798	-6.4104408	2400	Monthly	3	2	
" Kingsmill Court , North City Centre,   Dublin 1"			53.3510618	-6.2703584	1350	Monthly	1	1	Dublin 1
" Castlegrange Square, Clondalkin, Dublin 22"	House		53.321154	-6.4234113	1550	Monthly	2	2	Dublin 22
" Cappaghmore Clondalkin , Clondalkin, Dublin 22"	Semi-Detached		53.3305284	-6.402647	2200	Monthly	4	1	Dublin 22
" 35 Collegefort, Castleknock, Dublin 15"	Apartment		53.3692938	-6.3732223	1800	Monthly	2	2	Dublin 15
" Cashel Avenue , Crumlin, Dublin 12"	Terraced House		53.3165346	-6.3030041	2100	Monthly	3	2	Dublin 12
" The Old Golf Links, Malahide, Co. Dublin"	Terraced House		53.4493732	-6.1461096	3750	Monthly	5	0	
" The Pines, Herbert Park Lane Apartments, Ballsbridge, Dublin 4, Dublin 4, Dublin"	Apartment		53.3268543	-6.2323521	3100	Monthly	2	2	Dublin 4
" Sherrard Street Lower, Dublin 1, Dublin"	Apartment		53.3593252	-6.2583751	POA	Monthly	0	0	Dublin 1
" Apt. 5 Flemings Hall, Flemings Place, Mespil Road, Ballsbridge, Dublin 4"	Apartment		53.3333391	-6.2455546	1908	Monthly	2	1	Dublin 4
" Mount Argus Apartments, Mount Argus Road, Dublin 6W, Harold's Cross"	Apartment		53.3218806	-6.2860026	2050	Monthly	1	1	Dublin 6W
" Shelbourne Park Mews, Ringsend, Dublin 4"	Apartment		53.3413807	-6.2345117	2100	Monthly	2	1	Dublin 4
" Grosvenor Lane, Rathmines, Dublin 6"	House		53.3234913	-6.2727352	4500	Monthly	3	2	Dublin 6
" Bachelors Walk, Dublin 1, Dublin"	Apartment		53.3467902	-6.2631004	1400	Monthly	1	1	Dublin 1
" Leeson Street Upper, Dublin 4, Donnybrook, Dublin 4"	House		53.3315283	-6.2527901	12500	Monthly	5	3	Dublin 4
" The Cedars, Herbert Park Lane Apartments, Ballsbridge, Dublin 4"	Apartment		53.3278232	-6.2318985	3875	Monthly	2	2	Dublin 4
" St Maelruans Park, Tallaght, Dublin 24"	Terraced House		53.285161	-6.3585909	2300	Monthly	4	1	Dublin 24
" Westland Square, Pearse Street, South City Centre, Dublin 2"	Apartment		53.3393522	-6.251457	2950	Monthly	2	2	Dublin 2
" Botanic Road, Glasnevin, Dublin 9"	Apartment		53.3662526	-6.270862	1375	Monthly	1	1	Dublin 9
" 4 Castlewood Terrace, Rathmines,   Dublin 6"	Terraced House		53.3234331	-6.263598	2122	Monthly	2	1	Dublin 6
" Eustace Court, Cualanor, Dun Laoghaire, Dublin"	Apartment		53.2857423	-6.140987	2150	Monthly	2	2	
" Shelmartin House, Fairview, Dublin 3"	Apartment		53.3675536	-6.2397316	1450	Monthly	1	1	Dublin 3
" Flat 4, 110 Philipsburgh Avenue, Dublin 3, North Dublin City, Fairview, Dublin 3"	Apartment		53.3674682	-6.2397288	1450	Monthly	1	1	Dublin 3
" The Malthouse, Marrowbone Lane , South City Centre, Dublin 8"	Apartment		53.3384196	-6.2876401	1600	Monthly	2	1	Dublin 8
" Ballymun Road, Ballymun, Dublin 11"	Apartment		53.3781996	-6.2681799	225	Weekly	7	7	Dublin 11
" Charlotte Apartments, Honeypark, Glenageary Road Upper, CO., Dun Laoghaire, Co. Dublin"	Apartment		53.2794974	-6.1457496	1856	Monthly	1	1	
" Grafton Hall Aungier Street, South City Centre, Dublin 2"	Apartment		53.3393522	-6.251457	1875	Monthly	2	1	Dublin 2
" Leona Apartments, Honeypark, CODUBLIN, Dun Laoghaire, Co. Dublin"	Apartment		53.2796783	-6.1442735	1891	Monthly	1	1	
" Riversdale Green , Clondalkin, Dublin 22"	Apartment		53.3278987	-6.3903835	1150	Monthly	1	1	Dublin 22
" 6 Mount Sandford, Milltown,   Dublin 6"	Apartment		53.3170906	-6.2422277	2400	Monthly	0	3	Dublin 6
" Occu Abbot Court, Cualanor, Glenageary Road Upper, Dun Laoghaire, Co. Dublin"	Apartment		53.2827277	-6.1426919	1745	Monthly	1	1	
" Sean McDermott Street Apartments, Sean McDermott Street Lower, Dublin 1, Dublin"	Apartment		53.353859	-6.2525172	POA	Monthly	0	0	Dublin 1
" Rath Lawn , Rathcoole, County Dublin"	Apartment		53.2776155	-6.4814151	1300	Monthly	2	1	
" The Academy Building , Park West, Dublin 12"	Apartment		53.332925	-6.3793911	1650	Monthly	2	2	Dublin 12
" Apt 46 Stapleton House 33 Mountjoy Square, Mountjoy Square, Dublin 1"	Apartment		53.3562887	-6.2557898	1300	Monthly	1	1	Dublin 1
" 3 Clyde Road, Ballsbridge, Dublin 4"	Semi-Detached		53.3295572	-6.2350397	15000	Monthly	5	7	Dublin 4
" 36 Parnell Road, Harold's Cross - D12,   Dublin 12"			53.330041	-6.2815586	3000	Monthly	0	2	Dublin 12
" Lyons's Road, Newcastle, County Dublin"	Studio		53.3016274	-6.5270503	POA	Monthly	1	1	
" Apt 75 Block D, Hanover Dock, Dublin 2, South City Centre, Dublin"	Penthouse		53.3444275	-6.2379307	4160	Monthly	3	2	Dublin 2
" The Bramblings, Dublin 3, Dublin"	Terraced House		53.3733789	-6.2062749	2600	Monthly	3	1	Dublin 3
" Fully Refurbished/Furnished House, Dorset Street, Dublin 1"	Semi-Detached		53.3573529	-6.2637104	1950	Monthly	2	1	Dublin 1
" Pines, Herbert Park Lane, Ballsbridge, Dublin 4"	Apartment		53.3268543	-6.2323521	2795	Monthly	2	2	Dublin 4
" Herbert Park Lane, Ballsbridge, Dublin 4"	Penthouse		53.3273418	-6.2314753	4175	Monthly	2	2	Dublin 4
" 6 Clyde Lane, Ballsbridge, Dublin 4"	House		53.3289995	-6.2352509	9000	Monthly	3	3	Dublin 4
" Music Hall, Cows Lane, Temple Bar, Dublin 2"	Apartment		53.3441025	-6.2689444	1800	Monthly	2	1	Dublin 2
" flat 37 St Anns Ailesbury Road, Donnybrook, Dublin 4"	Penthouse		53.3196155	-6.2304923	3000	Monthly	2	2	Dublin 4
" Apt. 1, Beaumont Court, Beaumont, Dublin 9"	Apartment		53.3813289	-6.2384795	1450	Monthly	1	1	Dublin 9
" Fully Refurbished/Furnished TRIPLEX PENTHOUSE with THREE Balconies, Beacon South Quarter, Sandyford, Dublin 18"	Apartment		53.2775421	-6.2166744	3208	Monthly	3	2	Dublin 18
" Apt 2 33 Upper Gardiner Street, North City Centre, Dublin 1"	Apartment		53.3583511	-6.2610958	1500	Monthly	1	1	Dublin 1
" Spencer House, Custom House Square, IFSC, Dublin 1"	Apartment		53.349617	-6.243003	1795	Monthly	2	1	Dublin 1
" Occu Abbot Court, Cualanor, Glenageary Road Upper, Dun Laoghaire, Co. Dublin"	Apartment		53.2827277	-6.1426919	2095	Monthly	2	2	
" Blackthorn Hill View, Rathcoole, County Dublin"	Apartment		53.2780475	-6.4755666	1500	Monthly	2	1	
" The Crescent Building , Park West, Dublin 12"	Apartment		53.331938	-6.3770368	1600	Monthly	2	2	Dublin 12
" The Sweepstakes, Ballsbridge, Dublin 4"	Apartment		53.3315191	-6.2282866	2100	Monthly	2	1	Dublin 4
" The William Bligh, The Gasworks, Grand Canal Dk, Dublin 4"	Apartment		53.3388992	-6.2352478	2200	Monthly	2	2	Dublin 4
" Blackthorn Hill Close, Rathcoole, County Dublin"	Apartment		53.2779974	-6.4779182	1850	Monthly	2	2	
" The George, Charlotte Quay Dock, Dublin 4, Dublin"	Apartment		53.3422252	-6.2360342	2495	Monthly	2	2	Dublin 4
" City Gate, St. Agustine Street, Dublin 8, Dublin"	Apartment		53.3448153	-6.2770799	1350	Monthly	1	1	Dublin 8
" 67-66 Jervis St, Dublin 1, Dublin"	Apartment		53.3474369	-6.2655699	1760	Monthly	2	1	Dublin 1
" 14 College Park, Terenure, Dublin 6W"	Semi-Detached		53.3046775	-6.3050426	2600	Monthly	2	2	Dublin 6W
" Windmill Avenue, Rathcoole, County Dublin"	Apartment		53.2804245	-6.4790179	1435	Monthly	1	1	
" Coldcut Road, Clondalkin, Dublin 22"	Apartment		53.3477751	-6.3920683	1650	Monthly	2	2	Dublin 22
" Flat 1, 9 Summer Street North, Dublin 1, Dublin"	Apartment		53.3570794	-6.2524755	1600	Monthly	2	0	Dublin 1
" 53 Milltown Ave, Mount St Anne's, Milltown,   Dublin 6"	Apartment		53.3141178	-6.2503055	2400	Monthly	2	2	Dublin 6
" Shackleton Row, Lucan, West Co. Dublin, Co. Dublin"	Terraced House		53.3465452	-6.4704005	2250	Monthly	3	2	
" Shackleton Row, Lucan, West Co. Dublin, Co. Dublin"			53.3465452	-6.4704005	2300	Monthly	3	2	
" Shackleton Row, Lucan, West Co. Dublin, Co. Dublin"			53.3465452	-6.4704005	2500	Monthly	4	3	
" Gandon Grove, CODUBLIN, Lucan, Co. Dublin"	Apartment		53.3467993	-6.4631084	1925	Monthly	2	2	
" Gandon Grove, CODUBLIN, Lucan, Co. Dublin"	Apartment		53.3467993	-6.4631084	2150	Monthly	3	2	
" Occu Fairway, Cualanor, Upper Glenageary Road, CODUBLIN, Dun Laoghaire, Co. Dublin"	Apartment		53.2827277	-6.1426919	2175	Monthly	2	2	
" 36 Mayor Street Upper, IFSC, Dublin 1"	Terraced House		53.3485222	-6.2309711	2500	Monthly	2	1	Dublin 1
" Charlotte Apartments, Honeypark, Glenageary Road Upper, CO., Dun Laoghaire, Co. Dublin"	Apartment		53.2794974	-6.1457496	2891	Monthly	3	3	
" Neptune by havitat, Honeypark, CO., Dun Laoghaire, Co. Dublin"	Apartment		53.2801069	-6.1436563	2135	Monthly	2	3	
" Clonard Road , Crumlin, Dublin 12"	House		53.3275858	-6.3061512	2000	Monthly	2	2	Dublin 12
" Neptune by havitat, Honeypark, CO., Dun Laoghaire, Co. Dublin"	Apartment		53.2801069	-6.1436563	2700	Monthly	3	3	
" Elmfield by havitat, Ballyogan Road, Dublin 18, Leopardstown"	Apartment		53.2601783	-6.2070873	1995	Monthly	2	2	Dublin 18
" Mount Bellew Way, Lucan, County Dublin"	House		53.3520204	-6.4258184	2000	Monthly	3	2	
" Apartment 21 Temple Hall , North City Centre, Dublin 1"	Apartment		53.3539705	-6.258234	1900	Monthly	2	2	Dublin 1
" 64 Redwood Ridge Hall , Ballybrack, County Dublin"	Apartment		53.2515058	-6.1240351	2000	Monthly	2	2	
" 44 Sandwith Street Upper, South City Centre, Dublin 2"	Semi-Detached		53.3393522	-6.251457	1990	Monthly	2	1	Dublin 2
" Burke Place, Kilmainham, Dublin 8"	House		53.3401382	-6.3078367	2550	Monthly	3	2	Dublin 8
" Park Avenue , Sandymount, Dublin 4"	Apartment		53.3260892	-6.2136296	2000	Monthly	2	1	Dublin 4
" Grangemount, Ringcommons, Naul, County Dublin"	Apartment		53.5809723	-6.2267721	2000	Monthly	0	0	
" 45 The Courtyard, Clonsilla, Dublin 15"	Apartment		53.3823083	-6.4039464	2000	Monthly	3	0	Dublin 15
" Apartment C, 116 , Grafton Street, Dublin 2"	Apartment		53.3439847	-6.2593947	2150	Monthly	2	2	Dublin 2
" 44 Ulverton Road, Dalkey, Co. Dublin"	Terraced House		53.2804496	-6.1068118	5250	Monthly	4	4	
" Cork Street , The Coombe, Dublin 8"	Apartment		53.3395127	-6.2793506	2500	Monthly	2	3	Dublin 8
" Mayor Street, IFSC, Dublin 1"	Apartment		53.3496963	-6.2454128	230	Weekly	1	1	Dublin 1
" Grangegorman Lower, Smithfield, Dublin 7"	Apartment		53.3528289	-6.2799665	240	Weekly	1	1	Dublin 7
" Summerhill, Mountjoy Square, Dublin 1"	Apartment		53.3559263	-6.2550123	240	Weekly	1	1	Dublin 1
" Summerseat Crescent, Clonee, Dublin 15"	Apartment		53.4073751	-6.4433106	1785	Monthly	2	2	Dublin 15
" Schoolhouse Lane, Dublin, Santry, Dublin 9"	Apartment		53.3962031	-6.2445092	699	Monthly	1	0	Dublin 9
" Elmfield by havitat, Ballyogan Road, Dublin 18, Leopardstown"	Apartment		53.2601783	-6.2070873	2495	Monthly	3	2	Dublin 18
" 72-74 Queen Street, Smithfield, Dublin 1, Dublin"	Apartment		53.34761	-6.280218	1400	Monthly	1	0	Dublin 1
" Penthouse, 13 St. Stephen's Green, South City Centre,   Dublin 2"	Penthouse		53.3396424	-6.2589471	3600	Monthly	2	1	Dublin 2
" 85 Nutley Lane, Donnybrook, Dublin 4"	Penthouse		53.317915	-6.2156262	10000	Monthly	5	0	Dublin 4
" 34 Roebuck Downs, Clonskeagh, Dublin 14"	Penthouse		53.3028051	-6.2250101	4000	Monthly	4	0	Dublin 14
" Pier 19, Ushers Island, South City Centre - D8, Dublin 8"	Apartment		53.3461632	-6.281046	1795	Monthly	2	1	Dublin 8
" 4 Shelbourne Park Mews, Ringsend,   Dublin 4"	Apartment		53.3413807	-6.2345117	1800	Monthly	2	1	Dublin 4
" Hanover Court, Grand Canal Dock"	Apartment		53.3443123	-6.2317815	2200	Monthly	1	0	
" Apt. 64 Millennium Tower, Charlotte Quay Dock, Ringsend Road, Dublin 4"	Apartment		53.3429748	-6.2369859	3100	Monthly	2	2	Dublin 4
" Mount Argus Apartments, Mount Argus Road, Dublin 6W, Harold's Cross"	Apartment		53.3218806	-6.2860026	2300	Monthly	2	2	Dublin 6W
" Dunsoghly Drive, Finglas, Dublin 11"	Terraced House		53.390256	-6.3230591	2200	Monthly	3	2	Dublin 11
" The Penthouse, Hanover Dock, Grand Canal Dk, Dublin 2"	Penthouse		53.3444275	-6.2379307	4500	Monthly	3	2	Dublin 2
" Wolfe Tone Lofts by havitat, Dublin 1, Dublin"	Apartment		53.3491504	-6.2676788	1750	Monthly	1	1	Dublin 1
" Studio 4, 94a Drumcondra Road Upper, Drumcondra, Dublin 9"	Studio		53.371776	-6.2529044	1350	Monthly	0	1	Dublin 9
" Larkfield Way, Sandyford, Dublin 18"	Semi-Detached		53.2589728	-6.2015915	3400	Monthly	5	4	Dublin 18
" The Pavillion, Roebuck Hill, Mount Merrion, Dublin"	Penthouse		53.2984735	-6.2201019	2950	Monthly	3	2	
" 20 Christchurch Place, Christchurch, Dublin 8"	Apartment		53.3431287	-6.2705459	1750	Monthly	1	2	Dublin 8
" 11 Dundrum Castle House, Dundrum, Dublin 14"	Apartment		53.2876039	-6.2454443	1600	Monthly	1	1	Dublin 14
" Leona Apartments, Honeypark, CODUBLIN, Dun Laoghaire, Co. Dublin"	Apartment		53.2796783	-6.1442735	2129	Monthly	2	2	
" Millers Hall, South Circular Road, Dublin 8"	Apartment		53.3431832	-6.280244	1688	Monthly	2	1	Dublin 8
" Johnsbridge Close, Lucan, County Dublin"	House		53.3422942	-6.4453809	2450	Monthly	4	3	
" Belville, Ailesbury Road, Donnybrook, Dublin 4"	Apartment		53.3185099	-6.2302738	1866	Monthly	2	1	Dublin 4
" Mount Argus Apartments, Mount Argus Road, Dublin 6W, Harold's Cross"	Apartment		53.3218806	-6.2860026	2950	Monthly	3	2	Dublin 6W
" Mount Argus Apartments, Mount Argus Road, Dublin 6W, Harold's Cross"			53.3218806	-6.2860026	3000	Monthly	3	2	Dublin 6W
" Charlotte Apartments, Honeypark, Glenageary Road Upper, CO., Dun Laoghaire, Co. Dublin"	Apartment		53.2794974	-6.1457496	2100	Monthly	2	2	
" Highfield Road, Rathgar,   Dublin 6"	Detached		53.3132694	-6.2639194	8500	Monthly	5	5	Dublin 6
" Floraville, Sarsfield Road, Inchicore, Dublin 8"	Apartment		53.3416529	-6.326825	1495	Monthly	2	1	Dublin 8
" Ailesbury Road, Ballsbridge, Dublin 4"	Detached		53.3206366	-6.2173034	4680	Monthly	4	4	Dublin 4
" Two Bed Penthouse, Bridgefield, Northwood, Santry, Dublin 9"	Apartment		53.4059607	-6.2576872	2100	Monthly	2	2	Dublin 9
" Parliament Building, Parliament Street, Temple Bar, Dublin 2"	Apartment		53.3449167	-6.2601382	1500	Monthly	1	1	Dublin 2
" Wyckham Place, Wyckham Way, Dublin 16, Dublin"	Apartment		53.2826694	-6.2432047	1664	Monthly	1	1	Dublin 16
" Kenilworth Road, Rathmines, Dublin 6"	Apartment		53.3201169	-6.2739217	POA	Monthly	0	0	Dublin 6
" Cranford Court, Donnybrook, Dublin 4"	Apartment		53.3103878	-6.2161571	POA	Monthly	0	0	Dublin 4
" Christchurch View, Christchurch, Dublin 8"	Apartment		53.342423	-6.2710942	POA	Monthly	0	0	Dublin 8
" St Peters Terrace, Walkinstown, Dublin 12"	Terraced House		53.3126438	-6.3278668	POA	Monthly	0	0	Dublin 12
" Leicester Avenue, Rathgar, Dublin 6"	House		53.3175419	-6.2723692	POA	Monthly	0	0	Dublin 6
" 14 Glentworth Park, Ard Na Greine, Dublin 13, D13C2W5"		D13C2W5	53.3962753	-6.1806457	2000	Monthly	3	1	Dublin 13
" Bachelors walk, Dublin 1, Dublin"	Apartment		53.3467902	-6.2631004	POA	Monthly	0	0	Dublin 1
" Bowbridge Place, Kilmainham, Dublin 8"	Apartment		53.3423635	-6.2979363	POA	Monthly	0	0	Dublin 8
" Trinity Plaza, Tara Street, Dublin 2"	Apartment		53.3457282	-6.2548402	1850	Monthly	1	1	Dublin 2
" 2 Sheepmoor Close, Blanchardstown, Dublin"	Terraced House		53.3931605	-6.403212	2600	Monthly	3	1	
" Castleforbes Square, Castleforbes Rd, North Dock, Dublin 1, Dublin"	Apartment		53.3492918	-6.2317728	4200	Monthly	2	1	Dublin 1
" Longboat Quay, Grand Canal Dock Sir John Rogerson's Quay, Dublin 1, Dublin"	Apartment		53.3448353	-6.2367407	3800	Monthly	1	1	Dublin 1
" Seville Pl, North Dock, Dublin 1, Dublin"	Apartment		53.3544867	-6.2465085	1900	Monthly	1	1	Dublin 1
" Cherrywood Rd, Dublin, Dublin 18, Dublin"	Apartment		53.2422521	-6.1365564	1500	Monthly	1	1	Dublin 18
" Whitworth Rd, Wigan Rd, Dublin 9, Dublin"	Apartment		53.3644488	-6.2668778	1191	Monthly	1	1	Dublin 9
" 19 Pembroke Road, Ballsbridge, Dublin 4"	Apartment		53.3323221	-6.242228	3600	Monthly	2	2	Dublin 4
" 2 Serpentine House, Oakbury Court, Serpentine Avenue, Sandymount, Dublin 4"	Apartment		53.3306336	-6.2235862	2950	Monthly	2	2	Dublin 4
" 57 Park View, Swords, Co. Dublin"	Apartment		53.4598002	-6.2546977	1500	Monthly	2	2	
" The Sycamore, Parkview, Stepaside, Dublin 18"	Apartment		53.2597904	-6.2230662	2200	Monthly	2	2	Dublin 18
" Castlekelly, Glenasmole, Glenasmole,   Dublin 24"	Bungalow		53.24158	-6.35596	2200	Monthly	3	1	Dublin 24
" Milltown Hall, Mount Saint Annes, Milltown, Dublin 6"	Apartment		53.3139984	-6.2504575	3300	Monthly	2	2	Dublin 6
" Palmerston Hall, North City Centre, Dublin 7, D07 KN30"	Apartment	D07 KN30	53.3495405	-6.2604787	1500	Monthly	1	1	Dublin 7
" Bridgefield, Northwood, Santry, Dublin 9"	Apartment		53.4059607	-6.2576872	1950	Monthly	2	2	Dublin 9
" Opus at 6 Hanover Quay, Grand Canal Dk, Dublin 2"	Apartment		53.3440217	-6.2348431	5500	Monthly	3	3	Dublin 2
" Opus at 6 Hanover Quay, Grand Canal Dk, Dublin 2"	Apartment		53.3440217	-6.2348431	2850	Monthly	1	1	Dublin 2
" Opus at 6 Hanover Quay, Grand Canal Dk, Dublin 2"	Apartment		53.3440217	-6.2348431	4000	Monthly	2	2	Dublin 2
" Opus at 6 Hanover Quay, Grand Canal Dk, Dublin 2"	Apartment		53.3440217	-6.2348431	3700	Monthly	2	2	Dublin 2
" Raheen Road, Tallaght, Dublin 24"	Semi-Detached		53.2848452	-6.389053	2000	Monthly	3	1	Dublin 24
" 61 Greenville Place, South City Centre - D8, Dublin 8"	Apartment		53.3342368	-6.2758875	1550	Monthly	1	1	Dublin 8
" 18 Temple court Hogan place Dublin , Dublin 2, Dublin"	Apartment		53.3407011	-6.2437463	1500	Monthly	1	1	Dublin 2
" Rock Yards Lane, Sandycove, County Dublin"	House		53.2865367	-6.1165157	3625	Monthly	3	3	
" 18 Carmichael Hall, Windy Arbour, Dublin 14"	Apartment		53.3016316	-6.2504876	1525	Monthly	1	1	Dublin 14
" 117 Rathmines Town Centre, Rathmines, Dublin 6, D06 Y438"	Apartment	D06 Y438	53.3253586	-6.2646187	1870	Monthly	2	2	Dublin 6
" Gilford Pines, Gilford Road, Sandymount, Dublin 4"	Apartment		53.328975	-6.2151041	1995	Monthly	2	1	Dublin 4
" 20 Cranmer Place, Cranmer Lane, Haddington Road, Ballsbridge, Dublin 4"	Apartment		53.3373796	-6.2375694	3100	Monthly	3	2	Dublin 4
" 5 ALL HALLOWS GREEN, Drumcondra, Dublin 9"	Apartment		53.3717687	-6.2508003	2000	Monthly	2	1	Dublin 9
" Beacon South Quarter, Sandyford, Dublin 18"	Apartment		53.2775421	-6.2166744	3208	Monthly	3	2	Dublin 18
" Mellows Quay, Ushers Quay, Dublin 8"	Apartment		53.3454402	-6.2798109	1950	Monthly	2	1	Dublin 8
" 2 St Bridgets, Sunbury Court, Darty, Rathgar, Dublin 6"	Apartment		53.3114789	-6.2635838	2000	Monthly	2	1	Dublin 6
" Marianella, Rathgar, Dublin 6"	Apartment		53.3084653	-6.2695361	2795	Monthly	2	2	Dublin 6
" Raglan Road, Ballsbridge, Dublin 4"	Apartment		53.3309681	-6.2375586	2500	Monthly	2	1	Dublin 4
" Clonard Road, Kimmage, Dublin 6W"	Apartment		53.327739	-6.3062405	1300	Monthly	1	1	Dublin 6W
" Greenmount Lawn, Terenure, Dublin 6W, D06 TN50"	Apartment	D06 TN50	53.3088309	-6.2807174	1460	Monthly	1	1	Dublin 6W
" Village Court, Butterfield Avenue,, Rathfarnham, Dublin 14, D14 X957"	Apartment	D14 X957	53.2973568	-6.2860725	1650	Monthly	2	1	Dublin 14
" Shelbourne Park Apartments, South Lotts Road, Ringsend, Dublin 4"	Apartment		53.3404699	-6.2304604	1800	Monthly	2	1	Dublin 4
" Redcourt Oaks, Seafield Road East, Clontarf, Dublin 3"	Apartment		53.3627098	-6.1814048	1635	Monthly	1	1	Dublin 3
" Raglan Road, Ballsbridge, Dublin 4"	Apartment		53.3309681	-6.2375586	2190	Monthly	2	1	Dublin 4
" Hybreasal House, Dublin 8"	Apartment		53.3388279	-6.3051581	1495	Monthly	1	0	Dublin 8
" Trinity Plaza, Tara Street, Dublin 2, Dublin"	Apartment		53.3457282	-6.2548402	1500	Monthly	1	1	Dublin 2
" 7 Trimleston Avenue, Booterstown, County Dublin"	Terraced House		53.3108922	-6.2020578	2850	Monthly	4	2	
" Apt 17 Brackenwood Drive, Balbriggan,   County Dublin"	Terraced House		53.6134183	-6.2076047	1100	Monthly	0	0	
" The Hall, Laurel Place, Terenure, Dublin 6W"	Apartment		53.310853	-6.2897702	2200	Monthly	3	3	Dublin 6W
" Clarion Quay, IFSC, Dublin 1"	Apartment		53.3490556	-6.2447174	630	Weekly	1	1	Dublin 1
" Intercontinental Hotel, Ballsbridge, Dublin 4"	Apartment		53.3265312	-6.225814	6000	Monthly	2	3	Dublin 4
" 115 The Elm, Charleville Square, Rathfarnham, Dublin 14"	Apartment		53.2950791	-6.2943341	1864	Monthly	2	2	Dublin 14
" Shrewsbury, Shrewsbury Park, Ballsbridge, Dublin 4, Dublin"	Apartment		53.3253658	-6.2201552	2500	Monthly	0	1	Dublin 4
" The Mill, Weavers Square, Dublin 8, Dublin"	Apartment		53.3371748	-6.2814238	1600	Monthly	2	1	Dublin 8
"  Penthouse Residence, Intercontinental Hotel, Ballsbridge, Dublin 4"	Apartment		53.3265312	-6.225814	6500	Monthly	2	3	Dublin 4
" 13 The Orchard, 645 South Circular Road, Kilmainham,   Dublin 8"	Apartment		53.3408117	-6.3079005	1770	Monthly	2	2	Dublin 8
"  Synge Street, Portobello, Dublin 8"	Apartment		53.3331957	-6.2670524	2100	Monthly	2	1	Dublin 8
